Node,Closeness Centrality
schfess,0.20610100822616398
zenius_oliv,0.1973695712668513
hopefullyperf,0.1903872991512811
byunpov,0.18546641530512498
amsterdamlaf,0.1847528718310301
zenbyzaa,0.18095071128030454
ftievi,0.18079349954157276
sbmptnfess,0.17684984530228065
subschfess,0.173507491361048
jinsuyya,0.1670090834449039
fyoduor,0.16415460266028156
matchamaeleon,0.16261525238787464
mitrabelajarmu,0.16177246797539538
keyystudies,0.16173055800959862
sharon_zenius,0.16131264959096916
lizzypeachyy,0.16089689533944607
bljr30mnit1hari,0.16089689533944607
newhopekila,0.16089689533944607
anazureine,0.16089689533944607
rigelarion,0.16089689533944607
nevermindeuz,0.16089689533944607
rapinzeul,0.16089689533944607
sedikidnormal,0.16068982082806968
1975nk,0.16003074953013346
mystruggle___,0.15994874555907015
pfmmipy,0.15994874555907015
madamemoisse,0.1598668255869528
quip_zenshare,0.1598668255869528
badp3ople,0.1597849894847839
yantoyamazaki,0.1597849894847839
illusionnary,0.15962156837562022
aresvvv,0.15962156837562022
rillakuman,0.15962156837562022
vasyaksm,0.15962156837562022
junepiyaw,0.15962156837562022
sahrra00,0.15962156837562022
sss_aeri,0.15962156837562022
potongannf,0.15962156837562022
princes54798837,0.15962156837562022
cleyopatttra,0.15962156837562022
vazlae,0.15285992995030626
chewmist,0.15200388456709293
jejejesiee_,0.14970742300169082
lightfu17,0.14917083725616503
helloyoon4,0.14867348271422973
imkhsnh,0.14835550235671355
bertanyarl,0.1477236048076315
zenambis,0.1477236048076315
lkwrdh_,0.14747931819443674
tetsuuuuuw,0.14668231999930703
utbkfess,0.14664786326451743
goenawan_dedi,0.14640711864846406
gustity1,0.14637279107082082
canwehvebutter,0.14613294801429091
piwchicks,0.14555373138658212
jesstjakep,0.14548588998299947
zeniusambis,0.14548588998299947
2022camaba,0.14535039672108283
hujkwqe83dja,0.14535039672108283
halusinasiberat,0.14535039672108283
uburuburuu,0.14528274468630456
vitamiiinc_,0.14528274468630456
studstudiee,0.14521515559829046
meyskezz,0.14521515559829046
lagihbelajar,0.14521515559829046
zeniusssss,0.14521515559829046
diveinkyoto,0.14521515559829046
awcitrun,0.14521515559829046
hilycious,0.14514762936922826
therebahan,0.14514762936922826
chelsstudy,0.14514762936922826
yyours_s,0.14514762936922826
letskol,0.14514762936922826
yukbisasemangat,0.14514762936922826
homerunballcola,0.14514762936922826
jennstudy,0.14514762936922826
maillov_,0.14514762936922826
alonevrydy,0.14514762936922826
junggjaejhyun,0.14514762936922826
yellingoutt,0.14514762936922826
studyayle,0.14514762936922826
lmansa3,0.14514762936922826
kecoayeppo,0.1450801659114689
padukachanyeol,0.1450801659114689
istrikmdirumah,0.1450801659114689
who_realizes,0.1450801659114689
kangambisd,0.1450801659114689
inumakitogel,0.1450801659114689
kamobelajar,0.1450801659114689
itsaeril,0.1450801659114689
arloaddict,0.1450801659114689
bluelowsh,0.1450801659114689
kerjarhodey,0.1450801659114689
mekdiiioreo,0.1450801659114689
notconnectioonn,0.1450801659114689
apalo_cari2gw,0.1450801659114689
naufalaal_,0.1450801659114689
ndatawlah,0.1450801659114689
arshjch,0.1450801659114689
nestleysya,0.1450801659114689
neupuz,0.1450801659114689
ominotme,0.1450801659114689
asheillette,0.1450801659114689
noecharm,0.1450801659114689
jesjeurs,0.1450801659114689
ayosmgtt,0.1450801659114689
baealiel,0.1450801659114689
sugasecretary,0.1450801659114689
bismillahbisaye,0.1450801659114689
blueewyy,0.1450801659114689
mbawangg,0.1450801659114689
jjkslof,0.1450801659114689
jjhnayy,0.1450801659114689
jichanxm,0.1450801659114689
okgurlzs,0.1450801659114689
miloray6,0.1450801659114689
iniprastyi,0.1450801659114689
pyovn,0.1450801659114689
keutychia,0.1450801659114689
myeonchive,0.1450801659114689
lalastudyy,0.1450801659114689
lalamayla_,0.1450801659114689
ratutorojoyo,0.1450801659114689
rawrrchio,0.1450801659114689
ladadidaladida1,0.1450801659114689
lacibollalaa,0.1450801659114689
kyuutiies,0.1450801659114689
kyungbunnyy,0.1450801659114689
klandastine,0.1450801659114689
kuyangexpress,0.1450801659114689
kuntoanjrit,0.1450801659114689
googiebulet,0.1450801659114689
glinteayeah,0.1450801659114689
indomiejpg,0.1450801659114689
gkprnhmnggvaway,0.1450801659114689
gembilgembulcom,0.1450801659114689
geezrekk,0.1450801659114689
geezmarklee,0.1450801659114689
renataagustin17,0.1450801659114689
romeobogeng,0.1450801659114689
gbrl_pm,0.1450801659114689
garistanpabawah,0.1450801659114689
rr4nd0mm,0.1450801659114689
rrenjunh,0.1450801659114689
mabokwonwoo,0.1450801659114689
haiiwaizumi,0.1450801659114689
haedonggeuri,0.1450801659114689
guepemilikakun,0.1450801659114689
merciaurevoi,0.1450801659114689
khonsanailahr,0.1450801659114689
merdepluie,0.1450801659114689
kimcheeesy,0.1450801659114689
mlieat,0.1450801659114689
mmeillen,0.1450801659114689
jdsmee23,0.1450801659114689
monjicorp,0.1450801659114689
jakqesim,0.1450801659114689
moonliqght1,0.1450801659114689
iucreciamh,0.1450801659114689
livsaja,0.1450801659114689
mrizkifebriann,0.1450801659114689
mersieo,0.1450801659114689
mitharmn_,0.1450801659114689
lionhazelj,0.1450801659114689
bobarlgrs,0.1450801659114689
minexeulate,0.1450801659114689
legingmanohara,0.1450801659114689
minhyunglee283,0.1450801659114689
lizzienoire,0.1450801659114689
minjyvers,0.1450801659114689
minnnnnhoo,0.1450801659114689
luvieaes,0.1450801659114689
luthfeeyaz,0.1450801659114689
luckvoita,0.1450801659114689
nadshevi,0.1450801659114689
loeydude,0.1450801659114689
memeeou,0.1450801659114689
nantikepikiran,0.1450801659114689
lancarluncurr,0.1450801659114689
kinanttan,0.1450801659114689
kimdoieily,0.1450801659114689
whish3s,0.1450801659114689
ulululluu,0.1450801659114689
biiruuuuu,0.1450801659114689
eileithsia,0.1450801659114689
tenriyyy_,0.1450801659114689
cactusoi,0.1450801659114689
tesatesatesaa,0.1450801659114689
tetesown,0.1450801659114689
canisminorids,0.1450801659114689
camillaallif,0.1450801659114689
stabesson,0.1450801659114689
sehunnshinee,0.1450801659114689
semangatinakuw,0.1450801659114689
semestajenuh,0.1450801659114689
senseodie,0.1450801659114689
seputartopik,0.1450801659114689
ekacans__,0.1450801659114689
salmastruggle,0.1450801659114689
bucinsungjin_,0.1450801659114689
salturnuss,0.1450801659114689
egkjlsinisp,0.1450801659114689
echonomically,0.1450801659114689
e_markeu,0.1450801659114689
sasastudy,0.1450801659114689
dwiarts,0.1450801659114689
dukunsanted,0.1450801659114689
sbuxrecipe,0.1450801659114689
dsweetpromises,0.1450801659114689
elysianbounds,0.1450801659114689
solehabknsolime,0.1450801659114689
soodam_husband,0.1450801659114689
spacdust,0.1450801659114689
teafunnygeez,0.1450801659114689
budikur87744640,0.1450801659114689
squisholic_,0.1450801659114689
cciwworr,0.1450801659114689
stupid_medstud,0.1450801659114689
studyyeay,0.1450801659114689
sunnymoondaay,0.1450801659114689
lya_jpark,0.1450801659114689
supercuriouss,0.1450801659114689
chymmynie,0.1450801659114689
sweetberrly,0.1450801659114689
choxco,0.1450801659114689
chemiseutry,0.1450801659114689
starsshineee,0.1450801659114689
strippyn,0.1450801659114689
studaccanggi,0.1450801659114689
studiberries,0.1450801659114689
studyasfuck,0.1450801659114689
bukanjinqorin,0.1450801659114689
coelenterataa,0.1450801659114689
cloudissie,0.1450801659114689
sweetzjunhui,0.1450801659114689
theodore_rjndr,0.1450801659114689
theqids,0.1450801659114689
tidakbolehmalas,0.1450801659114689
tikusblonde,0.1450801659114689
todayis_chaaa,0.1450801659114689
todayis_eyen,0.1450801659114689
tolonksaltyinaq,0.1450801659114689
tomioxa,0.1450801659114689
cingkiya,0.1450801659114689
ccermide,0.1450801659114689
sparklingbub,0.1450801659114689
sriwijaya_bsnjo,0.1450801659114689
wantitsobad,0.1450801659114689
winztersoldier,0.1450801659114689
akuambisswoyyy,0.1450801659114689
amortenntia,0.1450801659114689
amersyu_,0.1450801659114689
venusblaack,0.1450801659114689
tweetscognito,0.1450801659114689
ambispgnfk,0.1450801659114689
ucaaaaay,0.1450801659114689
ucancallmeyunn,0.1450801659114689
____meenn,0.1450801659114689
urbebl0uffee,0.1450801659114689
urfavshuman,0.1450801659114689
urheartbreakx,0.1450801659114689
wintervkooo,0.1450801659114689
90schan_,0.1450801659114689
zonaeaj,0.1450801659114689
1navihd,0.1450801659114689
abccccika,0.1450801659114689
abcdreaam,0.1450801659114689
agracelly,0.1450801659114689
addicttophysics,0.1450801659114689
xaracryst,0.1450801659114689
adaajeyekan,0.1450801659114689
xkylz_dll,0.1450801659114689
xnysaz,0.1450801659114689
xo_fa_xo,0.1450801659114689
anightthinker_,0.1450801659114689
biancallysta_,0.1450801659114689
bbstrawberry25,0.1450801659114689
zrtnj,0.1450801659114689
alluireme,0.1450801659114689
faazaaxx,0.1450801659114689
yaaainisiapa,0.1450801659114689
sstudyaddict,0.1450801659114689
euvoria_,0.1450801659114689
etherealhc_,0.1450801659114689
shotarozaki,0.1450801659114689
ddoraex,0.1450801659114689
tubatu_addicted,0.1450801659114689
dankematian,0.1450801659114689
culameetan,0.1450801659114689
crystaliese,0.1450801659114689
zarschev,0.1450801659114689
yoursunnshine_,0.1450801659114689
yoursiriusss,0.1450801659114689
yournaddy,0.1450801659114689
doyiieekim,0.1450801659114689
zerotohiros,0.1450801659114689
doounnn_,0.1450801659114689
dooty1016,0.1450801659114689
djx_dejuna,0.1450801659114689
deskiafp,0.1450801659114689
dipmintae,0.1450801659114689
ynamsaeng,0.1450801659114689
didodiei,0.1450801659114689
detavyx,0.1450801659114689
yoooambiss,0.1450801659114689
yorobunzen,0.1450801659114689
boncabeteri,0.1450801659114689
alyeolmae,0.1450801659114689
allyaazara,0.1450801659114689
rilexnchillin,0.1450801659114689
awngantukbanget,0.1450801659114689
paw_pawmeong,0.1450801659114689
pharmacidst,0.1450801659114689
pulchraeaaxxi,0.1450801659114689
__pramudya,0.1450801659114689
hi_andrii,0.1450801659114689
hii_ishxyyy,0.1450801659114689
fckinshtsboi,0.1450801659114689
premiumappbysay,0.1450801659114689
i_washuman,0.1450801659114689
fitraygaksih,0.1450801659114689
pcrnanamikento,0.1450801659114689
pfmstudy,0.1450801659114689
feeeysa,0.1450801659114689
pweasev,0.1450801659114689
ikarahmawati___,0.1450801659114689
ilhinsibibiybiy,0.1450801659114689
harugracee,0.1450801659114689
preci0usin,0.1450801659114689
pikarosiawati,0.1450801659114689
hramadaaan,0.1450801659114689
flymejk,0.1450801659114689
sobbingbcsoobin,0.1450801659114689
hmpneumothorax,0.1450801659114689
fluffyyriki,0.1450801659114689
hourmoonrn,0.1450801659114689
shatrawberry,0.1450801659114689
fiyyrlsst,0.1450801659114689
stuudiv,0.1450801659114689
floreaaa_ft,0.1450801659114689
stylsdntfvl,0.1450801659114689
psikolofi,0.1450801659114689
numayyyyyy,0.1450801659114689
hisammula,0.1450801659114689
sukajaehyunss,0.1450801659114689
hanjisss,0.1450801659114689
hipokritx,0.1450801659114689
peachymochaa,0.1450801659114689
galvanicells,0.1450801659114689
xexostar,0.1450801659114689
rllazzz,0.1450801659114689
gadis_azalia,0.1450801659114689
mauuaungambis,0.1450801659114689
midosalsapfm_,0.1450801659114689
maxsimusfloren,0.1450801659114689
pejuanggkuliah,0.1450801659114689
fylaworld,0.1450801659114689
pixieeeest,0.1450801659114689
peacebeuponn,0.1450801659114689
inianissaa,0.1450801659114689
fujoshijati,0.1450801659114689
hyejesaaa,0.1450801659114689
naxxyra,0.1450801659114689
petzoldzzz,0.1450801659114689
pfmbahagia,0.1450801659114689
helloelf_,0.1450801659114689
88milyarr,0.1450801659114689
perkdels,0.1450801659114689
pjmrawrr,0.1450801659114689
fogbround,0.1450801659114689
jedd0ngie,0.1450801659114689
pinginjulid,0.1450801659114689
mantappugirl,0.1450801659114689
vaquola,0.1450801659114689
glamoroustudy,0.144609671975226
gapyearfess,0.14420881356365228
nowsantuy,0.14390962515376918
sonofthesunnnn,0.14377705064879104
bothroses,0.14301946252395206
itsmechelllllll,0.14288852229733365
lovelifeyea,0.14275782161377787
shourtcakee,0.1423996245248747
smkfess,0.1423671502661461
querencieaj,0.14201090853436094
mbisambis,0.14108021557447475
memeykarta,0.14095280061346824
convomf,0.14088917939901843
almondmilkies,0.1408573903242443
tingkiwingki21,0.1408256155914845
lilsunschenle,0.14076210911320197
ayangiesicheng,0.14076210911320197
fatresiahelena,0.14069865988664654
nabilagf,0.14069865988664654
itsphysics_,0.14069865988664654
pinksiyong,0.14069865988664654
gliserole,0.14069865988664654
oaseyama,0.14069865988664654
studyize,0.14069865988664654
chanseonga,0.14069865988664654
orch____id,0.14069865988664654
lachie_nae,0.14069865988664654
uknwmeright,0.14069865988664654
sabilarrrr,0.14069865988664654
sha59964370,0.14069865988664654
sunscentsp,0.14069865988664654
hajaengwoo,0.14069865988664654
dhiapakeh,0.14069865988664654
howboutcins,0.14069865988664654
yesikapesetah,0.14069865988664654
jiwvookim,0.14069865988664654
amazinhg,0.14069865988664654
princssjennie,0.14069865988664654
cerdaspeople,0.14069865988664654
bubleclo,0.14069865988664654
renbigwin,0.14069865988664654
niceniecesix,0.14069865988664654
chrssss_,0.14069865988664654
mlnsunglix,0.14069865988664654
ivnjno,0.14069865988664654
loveliveletter,0.14069865988664654
hiraelix,0.14069865988664654
edweils,0.14069865988664654
vanillaltte22,0.14069865988664654
vickyutami2,0.14031916248978438
aurellovee,0.13925495291480053
imgoingsollolo,0.13857490652986698
cursedkidd,0.1374460488588839
student_fess,0.1373553253942906
syifakyung,0.13729490959248972
sygfess,0.13723454691515732
skamletoy,0.1371742372922546
__ther3sa,0.1371742372922546
mhelmyahya,0.1371742372922546
urielflames,0.1371742372922546
troismotsvides,0.1371742372922546
ofeverythingg,0.1371742372922546
1r481n,0.1371742372922546
acahikun,0.1371742372922546
giornogiiovanna,0.1371742372922546
maisyaphnn,0.1371742372922546
diterimafkui,0.1371742372922546
airplaneboost9,0.13711398065386576
i2jongu,0.13711398065386576
kwrdus,0.13711398065386576
liviamaubelajar,0.13711398065386576
busifess,0.13711398065386576
marsstdy,0.13711398065386576
mayierreen,0.13711398065386576
ambis_yukkk32,0.13711398065386576
nomineuy,0.13711398065386576
cnswoo,0.13711398065386576
oemjiasca,0.13711398065386576
sarprogress,0.13711398065386576
renjungopay,0.13711398065386576
caxbin,0.13711398065386576
suholee1111,0.13711398065386576
fkmsoon,0.13711398065386576
swooryx,0.13711398065386576
your2rl,0.13711398065386576
jeanartss,0.13711398065386576
larismanies,0.13711398065386576
jcxyle,0.13711398065386576
httpstudie,0.13711398065386576
classicaall,0.13711398065386576
bnauree,0.13497944949557855
bucincimolll,0.13471729691779258
sweettaeev,0.13465917901575727
vminenths,0.13465917901575727
hiyifa,0.13465917901575727
maublajar,0.13460111123696653
reginastnteh,0.13454309351660573
cwangtip33,0.13454309351660573
gummst,0.13454309351660573
billstudyy,0.13454309351660573
lyoura04,0.13454309351660573
alverailee,0.13454309351660573
kiciwsaurus,0.13454309351660573
starrjee,0.13454309351660573
voriiel,0.13454309351660573
wwirlddst,0.13454309351660573
luccretia,0.13454309351660573
scaryxxna,0.13454309351660573
ssophrosynee,0.13445616065411387
ambisfs,0.13428263151582076
areajulid,0.13416719405051597
remostra,0.13416719405051597
yungnikiii,0.13370742212830386
matchaawa,0.13262799105949663
suckcietyy,0.13251537973191482
khalifakinayaa1,0.13251537973191482
ambisstudd,0.13226270210107008
unsoedfess1963,0.13215070997397346
hjsl0ve,0.13212274156974618
taeyongsfle,0.1320668402616989
avocadojaneshi_,0.1320668402616989
sabdaps,0.13176022666041592
browniefluffy,0.13126155465034708
lovemaze52,0.13112370382630764
dreamnforward,0.13087630061154104
gabysatidur,0.13027544948185532
itzjaraaa,0.1301667960627712
pasukanambis,0.13013966102085694
asdfghjklhftt,0.13011253728992303
echanensiti22,0.1300583237327189
gyuravity,0.1300583237327189
blackmantaaa,0.1300041553346628
7orupiah,0.1300041553346628
sstrnice,0.1300041553346628
estehpanasding1,0.1300041553346628
skiesonyou,0.1300041553346628
_lunar25_,0.1300041553346628
chemicalphobyc,0.1300041553346628
mariambisptkn,0.1300041553346628
jeeejeeejee,0.12997708805268596
strawbeeried,0.12997708805268596
siyfrnaaa,0.1299500320393528
azibiasaaja,0.1299500320393528
awesomekyung4,0.1299500320393528
ereszone,0.1299500320393528
nextarrcokelat,0.1299500320393528
robyhmz,0.1299500320393528
skyxlily,0.1299500320393528
apriliaekadmynt,0.1299500320393528
rainensky_,0.1299500320393528
emnggr,0.1299500320393528
rainbowariess,0.1299500320393528
me0wsh,0.1299500320393528
godblesssmee,0.1299500320393528
dreamislie_,0.1299500320393528
b1ntang0rion,0.1299500320393528
mcflurrybubble,0.1299500320393528
colourofskyyyyy,0.1299500320393528
simp4nb,0.1299500320393528
sadneusss,0.1299500320393528
skyofjava,0.1299500320393528
audiiiee,0.1299500320393528
ndnrilha,0.1299500320393528
justcallmena_,0.1299500320393528
auliasa44996530,0.1299500320393528
sweetydoughnut,0.1299500320393528
hapekegigit,0.1299500320393528
dudududuruddudu,0.1299500320393528
harmouren,0.1299500320393528
ntashiye,0.1299500320393528
fckinloveyou,0.1299500320393528
kcokomi,0.1299500320393528
kdknandasanjaya,0.1299500320393528
ke127an,0.1299500320393528
shiibbran,0.1299500320393528
kedelaiiii,0.1299500320393528
pallzahf,0.1299500320393528
elprofessorr_,0.1299500320393528
feelingpurplee,0.1299500320393528
pachilleui,0.1299500320393528
sweettaroo,0.1299500320393528
pacarhaliday,0.1299500320393528
somethingsw33tt,0.1299500320393528
hayitanis,0.1299500320393528
jenojohayo,0.1299500320393528
hotshinramyeon,0.1299500320393528
gsukaayamgoreng,0.1299500320393528
notbeautybutidc,0.1299500320393528
fredrickbinsar,0.1299500320393528
orimkhoirul23,0.1299500320393528
choppharo_,0.1299500320393528
oseanight,0.1299500320393528
cruuciio,0.1299500320393528
studiiy,0.1299500320393528
adyiaar,0.1299500320393528
roseetad,0.1299500320393528
aniesbaswaras,0.1299500320393528
ambisintenyukk,0.1299500320393528
angkel_mutu,0.1299500320393528
greymacaroon,0.1299500320393528
txtdarironil,0.1299500320393528
xezens,0.1299500320393528
xeexawxeenx,0.1299500320393528
yoenny141,0.1299500320393528
rruthieee,0.1299500320393528
adindadinduy,0.1299500320393528
abhin54112978,0.1299500320393528
gyruscinguli_,0.1299500320393528
bubos_nim,0.1299500320393528
gemblengjaja,0.1299500320393528
youniversean,0.1299500320393528
akunnyaaca,0.1299500320393528
riusuir_,0.1299500320393528
2021jdmaba,0.1299500320393528
aldiset02946261,0.1299500320393528
igiboyeahh,0.1299500320393528
aagoyoga,0.1299500320393528
akunperjuangani,0.1299500320393528
chalkyrie,0.1299500320393528
charmingdrac0,0.1299500320393528
haechan6600_,0.1299500320393528
_nrlailaarh,0.1299500320393528
albanofinzo,0.1299500320393528
fllwlees,0.1299500320393528
xunyize,0.1299500320393528
heksadiena,0.1299500320393528
fixzyuu,0.1299500320393528
asliceofcheese2,0.1299500320393528
urrprecioustan,0.1299500320393528
gngrii_,0.1299500320393528
lagbitch,0.1299500320393528
rmomiyy,0.1299500320393528
qraece,0.1299500320393528
zainumzahran,0.1299500320393528
quayntrella,0.1299500320393528
bluonyourm_,0.1299500320393528
crustaceaee,0.1299500320393528
wierdify,0.1299500320393528
whociamesia,0.1299500320393528
marciwiyi,0.1299500320393528
crmlcrushh,0.1299500320393528
ambitiounman,0.1299500320393528
studiehart,0.1299500320393528
bocilbodo,0.1299500320393528
mamaselusin,0.1299500320393528
chemissu,0.1299500320393528
wannabesnowman,0.1299500320393528
ponakanhagrid,0.1299500320393528
w0zzteria,0.1299500320393528
bebasdaritmnrl,0.1299500320393528
hellianthusal,0.1299500320393528
vickzz14,0.1299500320393528
yceagers,0.1299500320393528
rafisetiawanze1,0.1299500320393528
ditakim_,0.1299500320393528
susujeruk1,0.1299500320393528
sashsif,0.1299500320393528
rizasfy26,0.1299500320393528
mauuujadidokter,0.1299500320393528
fangrun1ns,0.1299500320393528
ftrr_yy,0.1299500320393528
jasmieennn,0.1299500320393528
muhammadrizaclr,0.1299500320393528
thatsruffbuddy,0.1299500320393528
jasminegetstud,0.1299500320393528
awasakunbaru,0.1299500320393528
mochihihichi,0.1299500320393528
nakskarunggoni,0.1299500320393528
najaeminiey,0.1299500320393528
najaesungie,0.1299500320393528
anamambis22,0.1299500320393528
moaarmymidzyy,0.1299500320393528
ganeetavv,0.1299500320393528
mabaygbukanmaba,0.1299500320393528
rhsntaa,0.1299500320393528
lovelysa19,0.1299500320393528
mrs_okaka,0.1299500320393528
hangtyass,0.1299500320393528
sftraaa,0.1299500320393528
milkkeuteaa,0.1299500320393528
milkiestluv,0.1299500320393528
leviheijo,0.1299500320393528
gangamata_,0.1299500320393528
myrrraaahhh,0.1299500320393528
leelovemark,0.1299500320393528
trashytribute,0.1299500320393528
pixiexstclilo_,0.1299500320393528
mrizwansy,0.1299500320393528
pdistira3,0.1299500320393528
amilyakautsar,0.1299500320393528
kittokatsuuu,0.1299500320393528
pemudayouth,0.1299500320393528
itzyforitzy,0.1299500320393528
0rangsuccess,0.1299500320393528
fathanfariza,0.1299500320393528
lifrief,0.1299500320393528
jekeywin,0.1299500320393528
itsfalana_,0.1299500320393528
thesunwillbeam,0.1299500320393528
kimsojungxne,0.1299500320393528
frizzzzy,0.1299500320393528
pebiyjinnie,0.1299500320393528
natiapermanaa,0.1299500320393528
hanifa_ep,0.1299500320393528
user00282622728,0.1299500320393528
lasfridaynightt,0.1299500320393528
lavalafyu,0.1299500320393528
rainytics,0.1299500320393528
sygarpl,0.1299500320393528
okeuy12,0.12914355687154544
zeeuze,0.12871751627155686
atomhidrogen1,0.1285584748593597
plstmnrljgnnemu,0.12834702999939365
nanas_malas,0.12834702999939365
semangattbljr22,0.1282415681834533
kdoydoyi,0.1282415681834533
jualanmurcee,0.1282415681834533
tsavahna,0.1282415681834533
taeexyz,0.12821522980428235
clorophhyl,0.1281889022416942
silverqueern,0.1281889022416942
ehapayabingung,0.1281889022416942
notge0n,0.1281889022416942
mowgyli,0.1281889022416942
jihanbelva,0.1281889022416942
studywithsa,0.1281889022416942
ambisss1,0.1281889022416942
satpam_kmplk,0.1281889022416942
privateboba,0.1281889022416942
vermmouht,0.1281889022416942
hotiecutiee,0.1281889022416942
callmekelee,0.12813627953962453
balsemgoreng,0.12813627953962453
cccloudyjeon,0.12813627953962453
habbitsread,0.12813627953962453
zoastudy,0.12813627953962453
wajibngambisbgt,0.12813627953962453
peachtachioo,0.12813627953962453
bcsyoucan,0.12813627953962453
pluviluv,0.12813627953962453
bandottp,0.12813627953962453
banannauyu,0.12813627953962453
ttttaacaa,0.12813627953962453
syawalyani,0.12813627953962453
voile27,0.12813627953962453
watanabehera,0.12813627953962453
myogabhtr,0.12813627953962453
mingmingiess,0.12813627953962453
jenoseno,0.12813627953962453
plzmau,0.12813627953962453
delapus11539704,0.12813627953962453
leohyuck,0.12813627953962453
mhhhrnnn,0.12813627953962453
rumanizz,0.12813627953962453
xsoarcist,0.12813627953962453
starlight_ok,0.12813627953962453
ichinisanvier,0.12813627953962453
stfux13,0.12813627953962453
nafarezabc,0.12813627953962453
flyngmoon1,0.12813627953962453
yonkcheese,0.12813627953962453
naif08916389,0.12813627953962453
stinkyiss,0.12813627953962453
tatahhaha,0.12813627953962453
prieztoujours,0.12813627953962453
imdoinothing,0.12813627953962453
tanfullsun,0.12813627953962453
aiseeeya,0.12813627953962453
cemangatyu,0.12813627953962453
martanetlue,0.12813627953962453
bumbubucin,0.12813627953962453
plumpyhumpy,0.12813627953962453
iamfishtime,0.12813627953962453
am0yie,0.12813627953962453
geprekimpor,0.12813627953962453
poortatoess,0.12813627953962453
xyzstdy,0.12813627953962453
vinmoriarty,0.12813627953962453
gimmethestars,0.12813627953962453
gutkkie,0.12813627953962453
minicroffle,0.12813627953962453
cfcboks,0.12813627953962453
na_jaemann0813,0.12813627953962453
amazinkkkppl,0.12813627953962453
luvvuuuuu,0.12813627953962453
xryqzaa,0.12813627953962453
xrrava,0.12813627953962453
ambisfebui2022,0.12813627953962453
khongguanmerah,0.12813627953962453
btcshsopps,0.12813627953962453
itsjssiidh,0.12813627953962453
glitterjk_,0.12813627953962453
spajabole,0.12813627953962453
siodys,0.12813627953962453
greenteahazelnt,0.12813627953962453
ekonomiui,0.12813627953962453
siriuuvs,0.12813627953962453
nnaanaj,0.12813627953962453
serenadefor_2,0.12813627953962453
nawasenaa,0.12813627953962453
jjaooi,0.12813627953962453
yourcrush_babe,0.12813627953962453
soontobegamada,0.12813627953962453
clevereonjwin,0.12813627953962453
cleolearn,0.12813627953962453
salm00wnz,0.12813627953962453
inikayeshaa,0.12813627953962453
singkitdiary,0.12813627953962453
forsilkstar,0.12813627953962453
farihmuwaffaq,0.12813627953962453
rahareuu,0.12813627953962453
est_studacc,0.12813627953962453
gtwsypp,0.12813627953962453
clownhater0,0.12813627953962453
crackyclouds,0.12813627953962453
sushienaktauu,0.12813627953962453
neverasktoborn,0.12813627953962453
fancykiddos,0.12813627953962453
jjapchaee,0.12813627953962453
deellyyn_,0.12813627953962453
seetayz,0.12813627953962453
orchxid,0.12813627953962453
kryangkedua,0.12813627953962453
rakyatuwitter,0.12813627953962453
deasanasya,0.12813627953962453
jcoodonut,0.12813627953962453
claudeloey,0.12813627953962453
medeeiia,0.12813627953962453
miliksanji,0.12813627953962453
thevirgogurl,0.12813627953962453
cutieb00n,0.12813627953962453
hee_3000,0.12813627953962453
hisspiyaya,0.12813627953962453
menyinarimuuu,0.12813627953962453
liltrasshy,0.12813627953962453
nolivepeople,0.12813627953962453
mbislie,0.12813627953962453
atlantijs,0.12813627953962453
k_wono1,0.12813627953962453
caffeinewin,0.12813627953962453
huffleloves,0.12813627953962453
qonitaarda,0.12813627953962453
bjyxxxxx20,0.12813627953962453
caandyyliciouss,0.12813627953962453
retnymala,0.12813627953962453
daveesjar,0.12813627953962453
mutiarutam131,0.12813627953962453
cinambis,0.12813627953962453
chemphysicsuck,0.12813627953962453
rhestudy,0.12813627953962453
insyaallahambis,0.12813627953962453
clarvrisa,0.12813627953962453
real____jjs,0.12813627953962453
pwtysntc,0.12813627953962453
schh22,0.12813627953962453
economixyz,0.12813627953962453
notiogic,0.12813627953962453
katakmengeong,0.12813627953962453
hanqyulgf,0.12813627953962453
hoshucark,0.12813627953962453
floerlilsuns,0.12675735104914734
chiayouu,0.12458191058013385
acciostoreofc,0.12366877058578658
whentheweather,0.12303507172192563
ssssharpay,0.12209660745492876
lawcobaambis,0.1216445740290434
dyieren,0.12159718619342631
adndnrd,0.12159718619342631
farambiss,0.12159718619342631
gitaputriastari,0.12159718619342631
bapakdomba,0.12150252119833607
gaaragtng,0.12140800348445172
dyoovr,0.12136079975059307
dansedansee,0.12136079975059307
theonlyokti,0.12136079975059307
peachyypickle,0.12100793834406876
nashiayamgeprek,0.12068044730660171
vkfluffy,0.12063380752020304
kamoomile,0.12058720376995377
brianbelajar,0.12058720376995377
abcdheyaa,0.12058720376995377
neologii,0.12058720376995377
cuwprint,0.12058720376995377
ljskkkx,0.12054063601410517
yongiepurple,0.12054063601410517
suyutifarid,0.12054063601410517
aracarbonaraa,0.12049410421097292
econoona,0.12049410421097292
peetassbread,0.12049410421097292
duniadatar,0.12049410421097292
is0cost,0.11651361588597438
audorebel,0.11644841520556813
panggilajazul,0.11640498861030221
msputraaz,0.11601560191731104
asteroid524,0.1143579325731912
arulertx,0.1143579325731912
flssfp,0.11406540360260382
evanescenzt,0.1135467358888779
mulberyiy,0.1135054461667365
papayavocadoes,0.1135054461667365
akunyolot,0.1135054461667365
ridincullus,0.1135054461667365
zrhyme_25,0.1135054461667365
sweetpeagf,0.1135054461667365
sunnydejuniee,0.1135054461667365
rerwrho,0.1135054461667365
ganesauroraa,0.1135054461667365
zigomycota,0.1135054461667365
sayahelo,0.1135054461667365
kidranggi,0.1135054461667365
anthophiile,0.1135054461667365
junjunhug,0.1135054461667365
bocilnihbos,0.1135054461667365
coralynne9,0.1135054461667365
hobimakancanai,0.1135054461667365
equinoxeros,0.1135054461667365
ssearrahh,0.1135054461667365
sptzkyh,0.1135054461667365
the_bluessky,0.1135054461667365
drugity_,0.1135054461667365
frecklixxx,0.1135054461667365
itsjenarin,0.1135054461667365
qavten,0.1135054461667365
sameenergy10,0.1135054461667365
faziafc,0.1135054461667365
tnkbell12,0.1135054461667365
honeycityx,0.1135054461667365
khoirunisaazrr,0.1135054461667365
ltaembrace,0.1135054461667365
trlsribosomm,0.1135054461667365
namujoonm,0.1135054461667365
bungatidurrr,0.1135054461667365
skywithluvya,0.1135054461667365
nelladrs,0.1135054461667365
paujirohman,0.1135054461667365
hhazelkim,0.1135054461667365
haechavr,0.1135054461667365
mgreenteaz,0.1135054461667365
stillaliveye,0.1135054461667365
maukimyugyeom1,0.1135054461667365
xrackedaccount,0.1135054461667365
gfhaechan_,0.1135054461667365
beautiesoull,0.1135054461667365
guemuk,0.1135054461667365
friantobasuki,0.1135054461667365
cutieasv,0.1135054461667365
bonjouvr,0.1135054461667365
09yjm,0.1135054461667365
blucchis,0.1135054461667365
anisa01248323,0.1135054461667365
asvsrvcrz,0.1135054461667365
iamsashyaa,0.1135054461667365
cimycatha,0.11315569220899958
twutwah,0.11295095963760643
mekyungsui,0.11288968425263123
nezthetic,0.11288968425263123
cewebaik_,0.11286927389568807
catyow,0.11286927389568807
canrelatte,0.11286927389568807
dewiles40958597,0.11286927389568807
shcinji,0.11286927389568807
byeohlogee_,0.11286927389568807
saturnuszhra,0.11286927389568807
slytherxie,0.11286927389568807
rixskt,0.11286927389568807
waeenyoeell,0.11286927389568807
jagathraya,0.11286927389568807
xrytired,0.11286927389568807
nanaappp,0.11286927389568807
perempuanmuuuu,0.11286927389568807
oligarkei,0.11286927389568807
h4dn1,0.11286927389568807
nanazzztmlsn,0.11286927389568807
renai_maka,0.11286927389568807
rkhmdhifa,0.11286927389568807
ambistidurr,0.11286927389568807
belajarhey,0.11286927389568807
beolkucing,0.11286927389568807
renlilsecret,0.11286927389568807
clarissajournal,0.1127062563489891
user0014297,0.11264524610556671
englishfess_,0.11242210587377106
txtapaadanya,0.11238162986805593
collegemenfess,0.11222001688244665
afprodit,0.11222001688244665
prkdlx,0.11222001688244665
kochenkie,0.11217968623846374
caluvstud,0.11217968623846374
littleewolffs,0.11217968623846374
keaybi,0.11217968623846374
cellacakes_,0.11217968623846374
roeversinceny,0.11205886805188489
kittenflawu,0.11205886805188489
s_rhizaa,0.11205886805188489
gerimisnind,0.11205886805188489
napakotel,0.11205886805188489
pwumpiie,0.11201865313422765
iightmiles,0.11201865313422765
ambisitb2022,0.11201865313422765
persecoredes,0.11201865313422765
fatiaaqila,0.11201865313422765
peoasus,0.11201865313422765
alehaleeee,0.11201865313422765
hineptunus,0.11201865313422765
mingambis,0.111978467070323
gaizkahaha,0.111978467070323
anotheroficha,0.111978467070323
evimrsh_,0.111978467070323
zalfayre,0.111978467070323
samvisk,0.111978467070323
maribertemanptn,0.111978467070323
vethernal,0.111978467070323
petervangils7g1,0.111978467070323
summearry,0.111978467070323
tengkyuneks,0.111978467070323
yvoonmi,0.111978467070323
dayxu8_,0.111978467070323
beianjafess,0.111978467070323
gapyear21,0.11141887451669653
heyhohii,0.11141887451669653
hajwjwje12,0.11141887451669653
matchaaagirl,0.11141887451669653
xayizee,0.11141887451669653
kyaawan_,0.11141887451669653
jennietwin,0.11141887451669653
medsstud,0.11141887451669653
andikaprayogo17,0.11141887451669653
iridoriscent,0.11124019136084297
pusingbgthuft,0.11124019136084297
asyaralanyar,0.11118075759876238
dinowin_,0.11076649288805017
belajardong_,0.1106290898311272
berprosess_,0.1106290898311272
gabutpipell,0.11033579956116131
shineambis,0.11033579956116131
moonstarslin,0.11033579956116131
jehermione,0.11031630215887095
shineeyo0pie,0.11031630215887095
karyacemas32,0.11031630215887095
kimbumlaw,0.11031630215887095
catsenja,0.11031630215887095
kenmaniichan,0.11031630215887095
honeyberryys,0.11031630215887095
fvckmaths,0.11031630215887095
nelvaaze,0.10973456739621212
richw0mann,0.10946518567719635
haechii_fullsun,0.10946518567719635
femkezhi,0.10946518567719635
bibigohoonie,0.10942681050255051
dedeuk,0.10942681050255051
ayyaafyu,0.10942681050255051
mmeksuttt,0.10942681050255051
querencisal,0.10942681050255051
distracsi,0.10942681050255051
biyeldaily,0.10942681050255051
cvpscake,0.10942681050255051
elaboarte,0.10942681050255051
kusukaleejeno,0.10942681050255051
fairynayaa,0.10942681050255051
sampurasunc,0.10942681050255051
sun6flower_s,0.10942681050255051
micindomie,0.10942681050255051
97washere,0.10942681050255051
fairyssom,0.10942681050255051
fortunegoogiez,0.10942681050255051
semangkabulan,0.10942681050255051
cal0npacarmuuu,0.10942681050255051
lveajpark,0.10942681050255051
taureqn,0.10942681050255051
yoshi__yoo,0.10942681050255051
growflyy,0.10942681050255051
duckvies,0.10942681050255051
dhownzy,0.10942681050255051
igiboyaaah,0.10942681050255051
plumyn,0.10942681050255051
vadzhrhwd,0.10942681050255051
fru1tty,0.10942681050255051
raluey,0.10935014081573843
alohaguize,0.10935014081573843
jaeminnabigwin,0.10908264090809902
bichsanul,0.10908264090809902
cabatprojenn,0.10908264090809902
casjourney,0.10908264090809902
gtwusiapa,0.10908264090809902
serotoninstud,0.10908264090809902
struggle9belas,0.10908264090809902
kudila_,0.10908264090809902
orishh_,0.10908264090809902
tegarrm11,0.10908264090809902
ambverss,0.10858931186589854
sheeeerinn,0.10728303040334261
8ccola,0.10728303040334261
psichalogy,0.10728303040334261
heartlinecity,0.10724616971603688
abilambis,0.10724616971603688
hiiksoona,0.10724616971603688
polymatik,0.10720933434948492
moosieposie,0.10720933434948492
fuwajournal,0.10717252427760528
minewithmine,0.10717252427760528
asmeredithgrey,0.10717252427760528
iyoureyestell,0.10717252427760528
t1l9t81,0.10717252427760528
my_april04,0.10717252427760528
myohangyul99,0.10717252427760528
falllni,0.10717252427760528
urlovelymeow,0.10717252427760528
pudanmenawan,0.10717252427760528
dini82661,0.10566688454926383
iamthelit_,0.10566688454926383
anak___gembala,0.10566688454926383
bobll_,0.10563112587428947
apfytn,0.10563112587428947
nouvieiies,0.1055953913932765
scndofwil,0.10547051088309692
inisyanaa,0.10539928311954258
kukukunae,0.10539928311954258
ayamras,0.10539928311954258
imeydaaa,0.10539928311954258
cosmiciattte,0.10539928311954258
yesikaann,0.10539928311954258
mriniaffah13,0.10539928311954258
belajarkui,0.10539928311954258
peciintambiss,0.10539928311954258
mcflurrries,0.10539928311954258
arsyubvs,0.10539928311954258
itszaambis,0.10539928311954258
thrigonometri,0.10539928311954258
nectarwalk,0.10430742755506277
cluvdiigirl,0.10415080979597109
crlstudy,0.10415080979597109
flowwlinn,0.1040640029866729
aliyyonggs,0.10387353642546601
sorrelsoup__,0.10387353642546601
bungaaftr,0.10383898102412686
deact1ve,0.10383898102412686
camabaugm22,0.10383898102412686
sayangfk,0.10383898102412686
lailychuss,0.10383898102412686
majourns,0.10383898102412686
raufanpurdini,0.10383898102412686
hermonieaddict,0.10383898102412686
syahrianhaekal,0.10383898102412686
ssaegt,0.10383898102412686
the2nd_kira,0.10383898102412686
rdrkym,0.10383898102412686
propadti,0.10383898102412686
learnforlifee,0.10383898102412686
ubur_uburmerah,0.10383898102412686
_scenerys,0.10383898102412686
hinumaaa,0.10383898102412686
iwiclmy,0.10383898102412686
indosatoshi,0.10383898102412686
indhrmdhnti,0.10383898102412686
arrazirafi,0.10383898102412686
nurjannahhanum,0.10383898102412686
redpencilcolor,0.10383898102412686
ambisbesok,0.10383898102412686
doodidaa,0.10383898102412686
adambagaskara,0.10383898102412686
shiruunz,0.10383898102412686
nantadv,0.10383898102412686
backtomeyay,0.10383898102412686
rararararadira,0.10383898102412686
raccoonamatata_,0.10383898102412686
rvnclwsly,0.10383898102412686
listiatan,0.10383898102412686
dimdamzz,0.10383898102412686
sunleaky,0.10383898102412686
sweetbrownice,0.10383898102412686
widodotesla,0.10383898102412686
ayayayanaon,0.10383898102412686
meme_lord666666,0.10383898102412686
physicsly,0.10383898102412686
_dxlsd,0.10383898102412686
hiraahero,0.10284677988748776
thewinner_03,0.10284677988748776
indrastunatu,0.10284677988748776
devnur99,0.10284677988748776
dhea_zenius,0.10282983922204755
buangrasamaless,0.10282983922204755
xpapermint,0.10281290413653668
icecreamm_21,0.10281290413653668
loosealive,0.10281290413653668
ttlindonesia,0.10281290413653668
rifaa_fitria,0.102779050694279
nadaoct1,0.10274521953868511
curlytaetae,0.10274521953868511
sn6tn,0.10274521953868511
hallooodenne,0.10274521953868511
glossiebubs,0.10274521953868511
panggilgua1,0.10274521953868511
zen_kakyuni,0.10227391119217738
avoucadoei,0.10184012298809962
97sthinqs,0.10184012298809962
askrlfess,0.1018069070314825
rabiebz,0.10167425959561087
moothyea,0.10165770296646323
scalliyn,0.10164115172859829
enaqtauuuuu,0.10164115172859829
mydearpo,0.10164115172859829
teumeambis,0.10164115172859829
cokelataro,0.10164115172859829
cutiebrowniee,0.10164115172859829
sukedelai,0.10162460587938316
citacitatercpai,0.10162460587938316
soon2beamedstud,0.10160806541618664
kekapasii,0.10160806541618664
dkfeeel,0.10160806541618664
lylackett,0.10160806541618664
scftsmiley__,0.10160806541618664
iuwacth,0.10160806541618664
janrinj,0.10160806541618664
esbobataro,0.10160806541618664
jzzxlyn,0.10160806541618664
m0oorklee,0.10160806541618664
calonmaba111,0.09834277786973074
kasihnamadong_,0.09834277786973074
scmeru,0.09834277786973074
apatisx,0.09745238119217152
histologzy,0.09730049157061264
canduslowmotion,0.09683262818629607
yasyas878,0.09677258625283687
__moonglade,0.09408891543587804
fadeleesss,0.09408891543587804
komikusmales,0.09406056259108794
azijik,0.09406056259108794
riffuda,0.09406056259108794
yourcicillia,0.09406056259108794
meanwhild,0.09406056259108794
namaewanaori,0.09389080371740874
4bbyitshere,0.09380615385680702
mitsupha,0.09380615385680702
studienbrch,0.09380615385680702
ndlzkdlin,0.09380615385680702
anyasllbenar,0.09218546277570153
polkacoma,0.09203596548976127
preciousjh17,0.09200883624422265
historiye,0.09181937842580537
rodeoyuno,0.09159036882585837
jejeenum,0.09159036882585837
ciaooo000,0.09146959031751659
faitinggg,0.09144279389439734
ocayaaaa,0.09144279389439734
dailyxhitpost,0.09144279389439734
tweetislamii,0.09141601316694256
titiswell,0.09141601316694256
cilsland,0.09141601316694256
txtdrawan,0.09141601316694256
phoriam,0.09141601316694256
uncpsiar,0.09130904693828444
hiresapps,0.09130904693828444
kittenbud,0.09130904693828444
ohmyicedtea,0.09130904693828444
isno_prplee,0.09130904693828444
koranpagiii,0.09130904693828444
sunfairry,0.09120233074025577
worldqar,0.09120233074025577
hechanbni,0.08947684591042722
ustadchen,0.08947684591042722
likamarkeu,0.08889078085106802
jisoooap,0.08889078085106802
devliaon,0.08889078085106802
chanshuh,0.08889078085106802
toralanguru,0.08681406673856915
kalkulus1a,0.0857056499062398
thereseclaire_,0.0857056499062398
ndhrbt1,0.08498229702110682
rachelamnd14,0.08463665318832032
ursaturnss,0.08463665318832032
classimoon,0.08463665318832032
hanashhi,0.08461371020832892
rutoothings,0.08461371020832892
edennorthe,0.08461371020832892
affogadto,0.08461371020832892
jijuljujil,0.08429380960262635
hanabpu,0.08429380960262635
akbar__kun,0.08429380960262635
gadinn_,0.08420285323941876
sayyaswaaa,0.08419149749387063
akutaurifky,0.07903278312660472
andrigunardiii,0.07893285547060952
tanannnoctavia,0.07879338052720569
arrheree,0.07879338052720569
blackxiugar,0.07879338052720569
sourcerries,0.07748292837495975
rubbymarkie,0.07746369945614229
keihju,0.07746369945614229
echan_dongsaeng,0.07746369945614229
adindakyuti,0.07732936379500194
wedeliastudy,0.07708111543610949
ccknwia,0.07374837022056123
geulisgurl,0.07217109293838737
orionbeltgirl,0.07217109293838737
moyyth,0.07217109293838737
luvinfaisy,0.0681305199080051
bosriyan,0.06798213589426666
ahdwik__,0.05983705107994352
pecintalatte__,0.059825582550747554
hali_halaa,0.053325356958832386
vivielawantii,0.053325356958832386
sedangberfiqir,0.053316248519690045
cittairlanie,0.002304147465437788
dekapanfiksii,0.002304147465437788
atypicali,0.001881720430107527
azaleyyaa,0.0016001024065540196
ambisssaaa,0.0015681003584229393
stanmenfess,0.0015360983102918587
jeromepolin,0.0015360983102918587
pshstudy,0.0015360983102918587
jaemcityx,0.0015360983102918587
jpfbase,0.0015360983102918587
r4bbiiit,0.0015360983102918587
itscammila,0.0013715163484748739
sakaumm,0.0012568077084206116
ipuung9,0.0012568077084206116
everyone_wooooo,0.0012568077084206116
malykacang,0.0012568077084206116
everywwon_woo,0.0012568077084206116
mazzini_gsp,0.0012568077084206116
masaituakantiba,0.0012568077084206116
dindumps,0.0012568077084206116
maungrice,0.0012568077084206116
pengenapaaja,0.0012568077084206116
accioiiviaa,0.0012568077084206116
wonyourbae,0.0012568077084206116
ontinyawagyu,0.001228878648233487
purplishdaisy,0.001228878648233487
txtdariharsa,0.001228878648233487
n00teskuas,0.001228878648233487
studyfess,0.0012000768049155147
jenoactrus,0.0012000768049155147
tubirfess,0.0012000768049155147
billah_bambu,0.0011760752688172043
amiktheavocado,0.0011760752688172043
haitsde,0.0011760752688172043
biologyzyx,0.0011760752688172043
pejuangalmet,0.0011760752688172043
potatoesavire,0.001152073732718894
ljystudz,0.001152073732718894
noodlezzzip,0.001152073732718894
convomfs,0.001152073732718894
d1nosauruss,0.001152073732718894
ssefnum,0.001152073732718894
taebearys,0.001152073732718894
sszvize,0.001152073732718894
lyuvjigguk,0.001152073732718894
hijiheon,0.001152073732718894
schcampus,0.001152073732718894
mezmaraised,0.001152073732718894
forfuture06,0.001152073732718894
nasculfadhil,0.001152073732718894
boutjinan,0.0010667349377026798
funnytummy_,0.0010667349377026798
pemudalusi,0.0010240655401945725
lisambis,0.0010240655401945725
angelyxc1,0.0010240655401945725
reikqmiya,0.0010240655401945725
studysyx,0.0010240655401945725
bukan_siapa2moo,0.0009600614439324117
destiactrr,0.0009600614439324117
ssahyaa,0.0009600614439324117
jie_noona15,0.0009600614439324117
bas0goreng,0.0008777704630239192
embunpagikinant,0.0008777704630239192
haruhachiko,0.0008777704630239192
jaeuniiverse,0.0008777704630239192
bekasisupremacy,0.0008777704630239192
suprmh00p,0.0008777704630239192
dinginluplup,0.0008777704630239192
kurapikawifee,0.0008777704630239192
grooverko_,0.0008777704630239192
agungstyngrh,0.0008777704630239192
banqkrut,0.0008777704630239192
rajwnn,0.0008777704630239192
dwiarti22,0.0008777704630239192
siailan,0.0008777704630239192
koyuudayo,0.0008777704630239192
cerephaka,0.0008777704630239192
ajiaji032,0.0008777704630239192
myboyfriendkth,0.0008777704630239192
rrachang,0.0008777704630239192
shirayuri0616,0.0008777704630239192
bolpoinw,0.0008777704630239192
b0kepindo,0.0008777704630239192
rinnebekasi_,0.0008777704630239192
dyrajki,0.0008777704630239192
fordreamiess,0.0008777704630239192
unnoticezen,0.0008777704630239192
mjskud,0.000872783130847647
nurhidazenius,0.0008640552995391705
subeeobin,0.0008640552995391705
pdkxbxj,0.0008640552995391705
ancoraimparo___,0.0008640552995391705
mituuw,0.0008553274682306941
maukuliah2,0.0008000512032770098
stwufdy,0.0008000512032770098
tidakputusasa_,0.0008000512032770098
alvinbaj,0.0007680491551459293
pxercys,0.0007680491551459293
aguskusuma110,0.0007680491551459293
doyrencute,0.0007680491551459293
aulion,0.0007680491551459293
centacea,0.0007680491551459293
jaeminstudy,0.0007680491551459293
moonareas,0.0007680491551459293
ddeongwush,0.0007680491551459293
friedricelogy,0.0007680491551459293
anyaacube,0.0007680491551459293
edukasystem,0.0007680491551459293
lovlyxmg,0.0007680491551459293
joonnyoung,0.0007680491551459293
obsidiaine,0.0007680491551459293
sangjaei,0.0007680491551459293
bocilmakji,0.0007680491551459293
thepurpletshirt,0.0007680491551459293
krvyblue,0.0007680491551459293
sadgurlzzz11,0.0007680491551459293
adelaydens,0.0007680491551459293
numdeysix,0.0007680491551459293
eunheeberries,0.0007680491551459293
zh0ngchn,0.0007680491551459293
plsidunnowhoim,0.0007680491551459293
mbakjenniekim,0.0007680491551459293
selpiaap,0.0007680491551459293
milkeurii,0.0007680491551459293
stilltryingplss,0.0007680491551459293
raraakunambis,0.0007680491551459293
yoshaurs,0.0007680491551459293
replayrepliy,0.0007680491551459293
flyfromhell,0.0007680491551459293
olivehateem_,0.0007680491551459293
lunerpw,0.0007680491551459293
nyawmiazks_,0.0007680491551459293
waytogoals,0.0007680491551459293
taekyootie,0.0007680491551459293
sasambisptn,0.0007680491551459293
httpsvanes,0.0007680491551459293
1204s0s,0.0007680491551459293
men4ng1s,0.0007680491551459293
alloeverea,0.0007680491551459293
nrlsaes,0.0007680491551459293
noobychild,0.0007680491551459293
saikaawa,0.0007680491551459293
maujadicrushmu,0.0007680491551459293
puttrrrri,0.0007680491551459293
pinkeuza,0.0007680491551459293
studywystar,0.0007680491551459293
qheejin,0.0007680491551459293
zenimaoya,0.0007680491551459293
soonkissad,0.0007680491551459293
mybalwoon,0.0007680491551459293
hwangghinaa,0.0007680491551459293
wonpilmart,0.0007680491551459293
studyyarea,0.0007680491551459293
themposition,0.0007680491551459293
muthxzsh_,0.0007680491551459293
nafastudy,0.0007680491551459293
consteiie,0.0007680491551459293
adhipramonooo,0.0007680491551459293
oreocuros,0.0007680491551459293
sbyfess,0.0007680491551459293
natadekopok_,0.0007680491551459293
vuinttone,0.0007680491551459293
raeambisbesok,0.0007680491551459293
shovwl,0.0007680491551459293
bang_garr,0.0007680491551459293
fairym3rs,0.0007680491551459293
marktermeloo_n,0.0007680491551459293
mccnphase,0.0007680491551459293
reginallegra,0.0007385088030249321
xmnallzee,0.0007385088030249321
taewzrd,0.0006912442396313364
nobaramyeon,0.0006912442396313364
starfdust,0.0006912442396313364
archiv8ste,0.0006912442396313364
strawberychocoo,0.0006912442396313364
tembemv,0.0006912442396313364
canstuy,0.0006912442396313364
noctekv,0.0006912442396313364
jeruksambat,0.0006912442396313364
nakaivvy,0.0006912442396313364
stardustzr,0.0006912442396313364
loutmlins,0.0006912442396313364
snowgumzzz,0.0006912442396313364
sichengurl,0.0006912442396313364
gamissorban,0.0006912442396313364
taufiqr823,0.0006912442396313364
neomualone,0.0006912442396313364
90storyfair,0.0006912442396313364
lanzhhan,0.0006912442396313364
samarsekali,0.0006912442396313364
jikook_coty,0.0006912442396313364
loucashton28,0.0006912442396313364
ccherrychuu,0.0006912442396313364
misiscokelat,0.0006912442396313364
aestheshal,0.0006912442396313364
qwertyaowk,0.0006912442396313364
rlixaxa_,0.0006912442396313364
soojain,0.0006912442396313364
leejuyneo,0.0006912442396313364
juyeoqn,0.0006912442396313364
wiarning,0.0006912442396313364
kookstillbby,0.0006912442396313364
nuancesize,0.0006912442396313364
sltupid,0.0006912442396313364
enhypen_members,0.0006912442396313364
gapaidreams,0.0006912442396313364
ambiss17,0.0006912442396313364
bnxamilkoo,0.0006912442396313364
physblacks,0.0006912442396313364
akunambis21,0.0006912442396313364
gitasnowy,0.0006912442396313364
kbpenyintas,0.0006912442396313364
zenoiev0423,0.0006857581742374369
studybudddy,0.0006827103601297149
fk22amin,0.0006827103601297149
coaceiia,0.0006827103601297149
laperdh,0.0006827103601297149
rotiboeaya_,0.0006144393241167435
annarukami,0.0006144393241167435
4thgenitboyjun,0.000576036866359447
annisahumairap,0.000576036866359447
afas64002521,0.000576036866359447
xiuwany,0.000576036866359447
jjieepang,0.0005120327700972862
letminolino,0.0005120327700972862
smootiess,0.0005120327700972862
dairysambatanku,0.0005120327700972862
straykweeeds,0.0005120327700972862
pattraonite,0.0005120327700972862
mseoia,0.0005120327700972862
bestjpboy,0.0005120327700972862
haejwani,0.0005120327700972862
forambis,0.0005120327700972862
mineyups,0.0005120327700972862
momotanwelo,0.0005120327700972862
divvla1,0.0005120327700972862
joereoo,0.0005120327700972862
xkeyzia,0.0005120327700972862
rekonict,0.0005120327700972862
xiaaau,0.0005120327700972862
chercheeri,0.0005120327700972862
ningznin,0.0005120327700972862
kamusiapayak,0.0005120327700972862
miund,0.0005120327700972862
malkiesty,0.0005120327700972862
pillowyarna,0.0005120327700972862
cordeliaspicy,0.0005120327700972862
wecall11nine,0.0005120327700972862
fadelabdh_,0.0005120327700972862
exactlyexact,0.0005120327700972862
winneopen,0.0005120327700972862
be_owenz,0.0005120327700972862
baestudyy,0.0005120327700972862
nytrika,0.0005120327700972862
sntyche,0.0005120327700972862
haurucastle,0.0005120327700972862
smileveryydayy,0.0005120327700972862
kaciwparuy,0.0005120327700972862
wangjjake,0.0005120327700972862
kceshi,0.0005120327700972862
bataraputra02,0.0005120327700972862
mingyureo,0.0005120327700972862
haruvairy,0.0005120327700972862
rosesty_95,0.0005120327700972862
ddowoonssi,0.0005120327700972862
chandeluna,0.0005120327700972862
ddazekth,0.0005120327700972862
brwniesz,0.0005120327700972862
kritstal,0.0005120327700972862
ljndoyie,0.0005120327700972862
mewchanics,0.0005120327700972862
mrjuneyaa,0.0005120327700972862
aeranaa,0.0005120327700972862
needle_dj,0.0005120327700972862
kylielipaann,0.0005120327700972862
skyelaster,0.0005120327700972862
arreundelle,0.0005120327700972862
creepersteve13,0.0005120327700972862
dreamerstudyy,0.0005120327700972862
24sheesh,0.0005120327700972862
kindwly,0.0005120327700972862
vanctei,0.0005120327700972862
imdemafia,0.0005120327700972862
vrnsscfby,0.0005120327700972862
jidatkaoru,0.0005120327700972862
tukanggalau28,0.0005120327700972862
billsyit,0.0005120327700972862
antarsayapulang,0.0005120327700972862
wicaksanaas,0.0005120327700972862
anakibubapak2,0.0005120327700972862
y00nddablue,0.0005120327700972862
brandambissador,0.0005120327700972862
gemoihaechan,0.0005120327700972862
waitefah,0.0005120327700972862
navaaaa_aa,0.0005120327700972862
hiromi_daiji,0.0005120327700972862
kes_stud,0.0005120327700972862
gjlsyudah,0.0005120327700972862
faniix1,0.0005120327700972862
keeylaaaaaaaaaa,0.0005120327700972862
gladlynaya,0.0005120327700972862
rxxras,0.0005120327700972862
lushlovstyles,0.0005120327700972862
ambiezallday,0.0005120327700972862
miyeeoon,0.0005120327700972862
studynowproud,0.0005120327700972862
putwizz,0.0005120327700972862
pacarnyarya,0.0005120327700972862
iwuffyouuuuu,0.0005120327700972862
babyavocuddle,0.0005120327700972862
bluwberiy,0.0005120327700972862
faizanka_,0.0005120327700972862
kowhsi,0.0005120327700972862
haru_010410,0.0005120327700972862
iirreplaceabl3,0.0005120327700972862
peachqrose,0.0005120327700972862
dzuldarojah80,0.0005120327700972862
pinginpunyaduit,0.0005120327700972862
pornsmol,0.0005120327700972862
nyobaproduktip,0.0005120327700972862
houseskies,0.0005120327700972862
masaadepanmuuu_,0.0005120327700972862
azharfahd,0.0005120327700972862
shaaturday,0.0005120327700972862
sandglassess,0.0005120327700972862
ineedywoody,0.0005120327700972862
piztachious,0.0005120327700972862
probablydaisyb,0.0005120327700972862
tagovailoa_,0.0005120327700972862
cipastuds,0.0005120327700972862
eiydenist,0.0005120327700972862
little__soul,0.0005120327700972862
elrasr,0.0005120327700972862
bubleteah,0.0005120327700972862
jelllyybin_,0.0005120327700972862
imyour_drum,0.0005120327700972862
caramelleizz,0.0005120327700972862
huggybearys,0.0005120327700972862
nonakimry,0.0005120327700972862
txtgetsunova,0.0005120327700972862
mochiocii,0.0005120327700972862
kyulest,0.0005120327700972862
byunsofttea,0.0005120327700972862
pinnepiinn,0.0005120327700972862
tokopakagus,0.0005120327700972862
dojeumin,0.0005120327700972862
sshzzxy,0.0005120327700972862
pribumimusiman,0.0005120327700972862
psbronitua,0.0005120327700972862
nkcthi___,0.0005120327700972862
prewttyy,0.0005120327700972862
lenharuuu,0.00038402457757296467
iniakunaje,0.00038402457757296467
ryyuje,0.00038402457757296467
onthewayhere,0.00038402457757296467
ltyruby,0.00038402457757296467
angspa,0.00038402457757296467
jonginidoie,0.00038402457757296467
iamgoodg1rl,0.00038402457757296467
dah____________,0.00038402457757296467
bbkjhy,0.00038402457757296467
onoff_m,0.00038402457757296467
laladanella,0.00038402457757296467
luwakarabika,0.00038402457757296467
minisabc,0.00038402457757296467
indsane96,0.00038402457757296467
ayayayow_,0.00038402457757296467
mintadislebew,0.00038402457757296467
seporsimieayam,0.00038402457757296467
mandaredvlvt,0.00038402457757296467
kejuloml,0.00038402457757296467
supermari00_,0.00038402457757296467
lucaisya,0.00038402457757296467
jeongyunoaddict,0.00038402457757296467
jenmarkcart,0.00038402457757296467
lucutehere,0.00038402457757296467
xxeurekaa,0.00038402457757296467
nuvantaraa,0.00038402457757296467
mangokombucha,0.00038402457757296467
writepng,0.00038402457757296467
saturddate,0.00038402457757296467
mbananamal,0.00038402457757296467
narauhlll,0.00038402457757296467
kimtaejin31,0.00038402457757296467
twitims,0.00038402457757296467
akugemeus,0.00038402457757296467
owlinlovewithu,0.00038402457757296467
vhezzzz,0.00038402457757296467
takze,0.00038402457757296467
oikawakiw,0.00038402457757296467
an0therplace7,0.00038402457757296467
kimniseo,0.00038402457757296467
ikimlp,0.00038402457757296467
kimjuncotton_o,0.00038402457757296467
iiidih,0.00038402457757296467
amnbisius,0.00038402457757296467
kimgayooo,0.00038402457757296467
irdaeliana,0.00038402457757296467
seenteaaa,0.00038402457757296467
isnaeni_alya,0.00038402457757296467
jeramimemanggil,0.00038402457757296467
kirapiee,0.00038402457757296467
kistude,0.00038402457757296467
inisambataqis,0.00038402457757296467
qardust,0.00038402457757296467
mrsjyh,0.00038402457757296467
kenapagitudeh,0.00038402457757296467
lopyumath,0.00038402457757296467
diiyourbae_,0.00038402457757296467
loiddholpinle,0.00038402457757296467
lvckicst,0.00038402457757296467
thinsmilemuahh,0.00038402457757296467
hynskch,0.00038402457757296467
loeys00,0.00038402457757296467
cocoaaddict01,0.00038402457757296467
oxnjxbc,0.00038402457757296467
fleurlvyn,0.00038402457757296467
loeychinguuuuu,0.00038402457757296467
callafleurs,0.00038402457757296467
o0crash9,0.00038402457757296467
insdomie,0.00038402457757296467
menfesssyg,0.00038402457757296467
jayeuzv,0.00038402457757296467
nanayoonaya,0.00038402457757296467
alestudiey,0.00038402457757296467
odlaassir,0.00038402457757296467
ratoostudy,0.00038402457757296467
renaointu,0.00038402457757296467
bedakbaby_,0.00038402457757296467
primizzyy,0.00038402457757296467
froum_youngk,0.00038402457757296467
mooonntie,0.00038402457757296467
jbunhyeok,0.00038402457757296467
k4naworld,0.00038402457757296467
mocaccid,0.00038402457757296467
itzmintzly,0.00038402457757296467
banjavenue,0.00038402457757296467
keqingcult,0.00038402457757296467
tarodikulkas,0.00038402457757296467
kertaswangsit,0.00038402457757296467
iceeblue_,0.00038402457757296467
pl4nta3,0.00038402457757296467
jon9se,0.00038402457757296467
liyoen_,0.00038402457757296467
ariesstudies,0.00038402457757296467
nunanyawoojin,0.00038402457757296467
ketekalien,0.00038402457757296467
jejeletoy,0.00038402457757296467
mrdikta,0.00038402457757296467
yeseoie,0.00038402457757296467
onyourmidd,0.00038402457757296467
itzyjuliia,0.00038402457757296467
ivbluesky,0.00038402457757296467
metawinbunny,0.00038402457757296467
katdaal,0.00038402457757296467
moonkevicn,0.00038402457757296467
kaleiea,0.00038402457757296467
jaemysunshine,0.00038402457757296467
treasuremenfess,0.00038402457757296467
laravonne,0.00038402457757296467
hezastudy,0.00038402457757296467
kadalbuntunc,0.00038402457757296467
crazieniyya,0.00038402457757296467
meanie614,0.00038402457757296467
ilhmtqn,0.00038402457757296467
jjwonpark,0.00038402457757296467
kayibek,0.00038402457757296467
urmarkly,0.00038402457757296467
jaywonns,0.00038402457757296467
moonroese,0.00038402457757296467
ailofmalyfe,0.00038402457757296467
mbibibis,0.00038402457757296467
utbkuy1,0.00038402457757296467
vouzmevoyezzh,0.00038402457757296467
justnormalgurll,0.00038402457757296467
lampungbase,0.00038402457757296467
learnisfun_,0.00038402457757296467
cavendishclark,0.00038402457757296467
natastasya,0.00038402457757296467
laylimsrh,0.00038402457757296467
parktaee_,0.00038402457757296467
anadisana,0.00038402457757296467
kookiesnminily,0.00038402457757296467
itswinz,0.00038402457757296467
nyeondy,0.00038402457757296467
jihanpratikaaa,0.00038402457757296467
midheavenn_,0.00038402457757296467
incesea,0.00038402457757296467
dinoshop_,0.00038402457757296467
aruufilpe,0.00038402457757296467
lavendercrushed,0.00038402457757296467
ohnomerlin,0.00038402457757296467
gxjeias,0.00038402457757296467
junnidette,0.00038402457757296467
justclaiee2,0.00038402457757296467
leaveff,0.00038402457757296467
jenggalafana,0.00038402457757296467
teenagedimplezx,0.00038402457757296467
julidajayaa,0.00038402457757296467
misedep,0.00038402457757296467
galliardapaapa,0.00038402457757296467
jelazkrana,0.00038402457757296467
lisacaper,0.00038402457757296467
zafranalts,0.00038402457757296467
fairylionae,0.00038402457757296467
miioo71,0.00038402457757296467
ethenimity,0.00038402457757296467
mid8riya,0.00038402457757296467
hannadd__,0.00038402457757296467
milkywayystar,0.00038402457757296467
libr4tz,0.00038402457757296467
tragific,0.00038402457757296467
na4ckerman,0.00038402457757296467
letsgooougm,0.00038402457757296467
cochoreo,0.00038402457757296467
rohaehaa,0.00038402457757296467
ihyunzjae,0.00038402457757296467
greencha__,0.00038402457757296467
dsconnectud,0.00038402457757296467
mariasoffie_,0.00038402457757296467
ptnhunter22,0.00038402457757296467
jihanfavs,0.00038402457757296467
puri_nim,0.00038402457757296467
heyyuu_20,0.00038402457757296467
parksozee,0.00038402457757296467
xoxowantja,0.00038402457757296467
mayaveronica9,0.00038402457757296467
alieenbelajar,0.00038402457757296467
pocarigaksweet,0.00038402457757296467
mahirahaul,0.00038402457757296467
pramidew,0.00038402457757296467
sumberprotein,0.00038402457757296467
ilynjdo,0.00038402457757296467
dinaraw4,0.00038402457757296467
ilvlayan,0.00038402457757296467
rantnyarara,0.00038402457757296467
iluvvstrawberry,0.00038402457757296467
kidcozygirlz,0.00038402457757296467
prayatafaizaft,0.00038402457757296467
frankiecosmosd,0.00038402457757296467
pretemdeer,0.00038402457757296467
ikannncupang,0.00038402457757296467
elucuu,0.00038402457757296467
zeamayis,0.00038402457757296467
ignaciamelvina,0.00038402457757296467
erpan1827,0.00038402457757296467
prettysellerapk,0.00038402457757296467
icykeei,0.00038402457757296467
nishin0yayu,0.00038402457757296467
pandaiimenangis,0.00038402457757296467
jehianps,0.00038402457757296467
kuyangcangtip,0.00038402457757296467
martabakindie,0.00038402457757296467
rococo_chico,0.00038402457757296467
fauntalism,0.00038402457757296467
gumbearie,0.00038402457757296467
fattiebelly,0.00038402457757296467
maurienau,0.00038402457757296467
pinginmasukfk,0.00038402457757296467
worksfess,0.00038402457757296467
maukokumi,0.00038402457757296467
piraaaa_,0.00038402457757296467
maxpooling2d,0.00038402457757296467
gabolehgagal,0.00038402457757296467
piikiiuu,0.00038402457757296467
press1forambis,0.00038402457757296467
pengenambiis,0.00038402457757296467
idextratime,0.00038402457757296467
permisipaket_,0.00038402457757296467
kiddieasha,0.00038402457757296467
may0naizee,0.00038402457757296467
ftttsugaaa,0.00038402457757296467
marsupilalami,0.00038402457757296467
sharereall,0.00038402457757296467
marimegammy,0.00038402457757296467
frenchchuba,0.00038402457757296467
lananiole,0.00038402457757296467
o97pride,0.00038402457757296467
han_1627,0.00038402457757296467
kyaaact,0.00038402457757296467
profanous,0.00038402457757296467
pekalonganfess,0.00038402457757296467
huffgryff,0.00038402457757296467
ayurls,0.00038402457757296467
iceamericaan0,0.00038402457757296467
youthaddict48,0.00038402457757296467
gistudees,0.00038402457757296467
haechanprivate,0.00038402457757296467
stekzzkzkzk,0.00038402457757296467
hallaaah,0.00038402457757296467
haqueensa,0.00038402457757296467
balbalapasi,0.00038402457757296467
hapxbogummy,0.00038402457757296467
rafiabdulaziz_,0.00038402457757296467
cherrykook16,0.00038402457757296467
purpleuvy,0.00038402457757296467
flummfox,0.00038402457757296467
cestlacherie,0.00038402457757296467
saramadhan,0.00038402457757296467
vrdhmrh,0.00038402457757296467
hoezxvirgo,0.00038402457757296467
denmanly,0.00038402457757296467
faintedrain,0.00038402457757296467
hngrenjun__,0.00038402457757296467
tkmwe2wkcbytzlv,0.00038402457757296467
jbjie,0.00038402457757296467
jeonsooheej,0.00038402457757296467
sebut_aja_orang,0.00038402457757296467
airmelon_,0.00038402457757296467
aziastudy,0.00038402457757296467
dinges_zenius,0.00038402457757296467
gabriux1,0.00038402457757296467
hilmiluthfi_,0.00038402457757296467
flammable__,0.00038402457757296467
zxcvopw,0.00038402457757296467
hataraca,0.00038402457757296467
bffhae,0.00038402457757296467
deyngambis,0.00038402457757296467
sundaeefundaee,0.00038402457757296467
ice_elzzaa,0.00038402457757296467
iunaticofeliz,0.00038402457757296467
icannn___,0.00038402457757296467
shabrinafg__,0.00038402457757296467
ibobm,0.00038402457757296467
ericxtbz,0.00038402457757296467
dinasigoreng,0.00038402457757296467
peachyeuuu,0.00038402457757296467
dosiejogja,0.00038402457757296467
5pm53mins,0.00038402457757296467
naiscent,0.00038402457757296467
masgifar,0.00038402457757296467
mendmoon,0.00038402457757296467
waferasahoy,0.00038402457757296467
hayukyass,0.00038402457757296467
choerrybombs2,0.00038402457757296467
hemistudy,0.00038402457757296467
kk4mjong,0.00038402457757296467
helmiakbars,0.00038402457757296467
rraflid,0.00038402457757296467
syadnyl,0.00038402457757296467
pcrnysarigandum,0.00038402457757296467
xjzee_,0.00038402457757296467
heepnoticc,0.00038402457757296467
heaveniki,0.00038402457757296467
hxxwlmes,0.00038402457757296467
itssayeshaa_,0.00038402457757296467
teresa_katarina,0.00038402457757296467
pbooyoungg,0.00038402457757296467
pockyaddictttt,0.00038402457757296467
murphlovebot,0.00038402457757296467
maecyokay17_j,0.00038402457757296467
kudaranay,0.00038402457757296467
genshinlokal,0.00038402457757296467
kuacipilihan,0.00038402457757296467
bakpiaww,0.00038402457757296467
kstoedy,0.00038402457757296467
fairiemind,0.00038402457757296467
reinmujaddid,0.00038402457757296467
studwsyaaa,0.00038402457757296467
rayyslagiambis,0.00038402457757296467
imndinn,0.00038402457757296467
dripmonger,0.00038402457757296467
sppacg,0.00038402457757296467
gracefulei,0.00038402457757296467
aternusty,0.00038402457757296467
arucannn,0.00038402457757296467
puuffffffffffff,0.00038402457757296467
glxysea,0.00038402457757296467
ambisvinn,0.00038402457757296467
agnesdella7,0.00038402457757296467
quereencialism_,0.00038402457757296467
glazeud,0.00038402457757296467
jinwooeyesmile,0.00038402457757296467
betaquari,0.00038402457757296467
raaazaaac,0.00038402457757296467
gksward23,0.00038402457757296467
navielbloom,0.00038402457757296467
gitarisbonjovi,0.00038402457757296467
aquayan_,0.00038402457757296467
mgajhnsz,0.00038402457757296467
cimotyy,0.00038402457757296467
wonunuj_,0.00038402457757296467
feeldone999,0.00038402457757296467
refusama,0.00038402457757296467
kharmelllya,0.00038402457757296467
alreadyxync,0.00038402457757296467
khaistudy,0.00038402457757296467
tamakisse,0.00038402457757296467
khadjhz,0.00038402457757296467
sgrjjsbdakka,0.00038402457757296467
ngambisugmdl,0.00038402457757296467
pamaksudmu,0.00038402457757296467
kittychart,0.00038402457757296467
ingenuze,0.00038402457757296467
flowrblues,0.00038402457757296467
panggilnady,0.00038402457757296467
guedahyun,0.00038402457757296467
lakoneaku,0.00038402457757296467
allhailtakashi,0.00038402457757296467
randd1_,0.00038402457757296467
idontsharefoods,0.00038402457757296467
rayofsansyain,0.00038402457757296467
cryinhazelmoonz,0.00038402457757296467
rebahan____,0.00038402457757296467
l0vchemist,0.00038402457757296467
chocooxz,0.00038402457757296467
uchuucinn,0.00038402457757296467
reeireirin,0.00038402457757296467
kyralacs,0.00038402457757296467
nadhputrii,0.00038402457757296467
ky0dxpcc,0.00038402457757296467
alscheift,0.00038402457757296467
fajartujuhbelas,0.00038402457757296467
raenjunluvena,0.00038402457757296467
fotosyut,0.00038402457757296467
renaldiwahyu_,0.00038402457757296467
gausahtauuuuuuu,0.00038402457757296467
guniepie,0.00038402457757296467
jumclal,0.00038402457757296467
rua_area,0.00038402457757296467
s1jabats,0.00038402457757296467
rheexca,0.00038402457757296467
mactematika,0.00038402457757296467
rifainthebuild1,0.00038402457757296467
itoff27,0.00038402457757296467
rendiismail22,0.00038402457757296467
jaejaewoonie,0.00038402457757296467
flurrybabykim,0.00038402457757296467
salsblx,0.00038402457757296467
piltropy,0.00038402457757296467
fluffyflurri,0.00038402457757296467
neospasie,0.00038402457757296467
dugongcina,0.00038402457757296467
matchikaaa,0.00038402457757296467
floo_shr,0.00038402457757296467
its_me_yayaa,0.00038402457757296467
gxuling,0.00038402457757296467
pfmsma,0.00038402457757296467
reductocurse,0.00038402457757296467
philosophyhunt,0.00038402457757296467
fidwinaxx,0.00038402457757296467
emangcuek,0.00038402457757296467
fenori_,0.00038402457757296467
strawberiessky,0.00038402457757296467
feniifs,0.00038402457757296467
aangleaw,0.00038402457757296467
chwlejisngy,0.00038402457757296467
guojiia,0.00038402457757296467
iyakngarepfkui,0.00038402457757296467
melysantoso_,0.00038402457757296467
ordinatabsis,0.00038402457757296467
grecszeb,0.00038402457757296467
rachappy_,0.00038402457757296467
gresnolimit,0.00038402457757296467
hneeep,0.00038402457757296467
koumeowing,0.00038402457757296467
rosettaile,0.00038402457757296467
mogiisgilang,0.00038402457757296467
halloakuester,0.00038402457757296467
sal_xzn,0.00038402457757296467
rsmn_vr,0.00038402457757296467
jaketangsel,0.00038402457757296467
machtyaaa,0.00038402457757296467
haevchanii,0.00038402457757296467
s4turnrush,0.00038402457757296467
txtdarihunter,0.00038402457757296467
ruangguyu_,0.00038402457757296467
chocyuhyun,0.00038402457757296467
rubyredvelvet,0.00038402457757296467
hadeuh47934950,0.00038402457757296467
patriciashaniaa,0.00038402457757296467
jihoonbakso,0.00038402457757296467
rutorenang,0.00038402457757296467
fuckutebeka,0.00038402457757296467
rydeell,0.00038402457757296467
asyastudyy,0.00038402457757296467
gyehunssi,0.00038402457757296467
eunhwilo,0.00038402457757296467
ourtattoos,0.00038402457757296467
nyonkrg,0.00038402457757296467
jessiediary_,0.00038402457757296467
pudusmollie,0.00038402457757296467
eunsang_pikri,0.00038402457757296467
sofciety,0.00038402457757296467
terrciduk,0.00038402457757296467
sshapiera,0.00038402457757296467
brown_suugaar,0.00038402457757296467
sscarletsk,0.00038402457757296467
sotoooayammm,0.00038402457757296467
slasherkids,0.00038402457757296467
ayamtaru,0.00038402457757296467
mikeymantji,0.00038402457757296467
fadilajadeh_,0.00038402457757296467
xxswr_,0.00038402457757296467
fairyluvie,0.00038402457757296467
sondesyip,0.00038402457757296467
viraanih,0.00038402457757296467
niksrot,0.00038402457757296467
shinsukqe,0.00038402457757296467
erikasalsabl,0.00038402457757296467
itsyogirlsjaoe,0.00038402457757296467
polcanisme,0.00038402457757296467
shny03,0.00038402457757296467
enginestud,0.00038402457757296467
tryingmabestt,0.00038402457757296467
pearll_y,0.00038402457757296467
siabongx_,0.00038402457757296467
doyoungkim_10,0.00038402457757296467
chitaglorya,0.00038402457757296467
doyoane,0.00038402457757296467
fulixlee,0.00038402457757296467
miraclesitompul,0.00038402457757296467
simanullangboy,0.00038402457757296467
sapirbluu,0.00038402457757296467
sombhonkamat,0.00038402457757296467
mofaisalakbar,0.00038402457757296467
sawoberrie,0.00038402457757296467
cottonwools,0.00038402457757296467
ahmadzakiyudin_,0.00038402457757296467
eduteaa,0.00038402457757296467
future__medstud,0.00038402457757296467
samuelwls,0.00038402457757296467
ataehyeong,0.00038402457757296467
sanygah,0.00038402457757296467
superd_ean,0.00038402457757296467
sara25284157,0.00038402457757296467
shbeiie,0.00038402457757296467
sasgantar,0.00038402457757296467
kataibugwcakep,0.00038402457757296467
dwianjanihast,0.00038402457757296467
elisabetguwanto,0.00038402457757296467
kitty0413,0.00038402457757296467
fajarsuryadew,0.00038402457757296467
sbm2022amin,0.00038402457757296467
duaperdua,0.00038402457757296467
nesruneos,0.00038402457757296467
imyour_id,0.00038402457757296467
schareinjun,0.00038402457757296467
drowneast,0.00038402457757296467
serotoniyn,0.00038402457757296467
drimzie,0.00038402457757296467
ryvjinswag,0.00038402457757296467
clnactuaire,0.00038402457757296467
shillamauits,0.00038402457757296467
seapeachys,0.00038402457757296467
fajriea_,0.00038402457757296467
aaaaaaaaaa0022,0.00038402457757296467
horribietakes,0.00038402457757296467
maujadiorkay,0.00038402457757296467
jaeminnuaing,0.00038402457757296467
rarambis,0.00038402457757296467
yeaaaaa1234,0.00038402457757296467
moonwisherx_,0.00038402457757296467
diritwit,0.00038402457757296467
jgukdior,0.00038402457757296467
ydelfay,0.00038402457757296467
tresno_arto,0.00038402457757296467
divlagibelajar,0.00038402457757296467
slvirsa,0.00038402457757296467
mabngo,0.00038402457757296467
djunaxxy,0.00038402457757296467
yayoungiee,0.00038402457757296467
annung1717,0.00038402457757296467
yasukseslah,0.00038402457757296467
shoxella,0.00038402457757296467
birthdayboyjjen,0.00038402457757296467
yennovianti,0.00038402457757296467
doykimm_,0.00038402457757296467
yerinnykim,0.00038402457757296467
rjcollect,0.00038402457757296467
yodamie,0.00038402457757296467
ojodaboniven,0.00038402457757296467
yonkyoungk,0.00038402457757296467
2304days,0.00038402457757296467
yoonjeyi,0.00038402457757296467
kentangnyaruto_,0.00038402457757296467
yoshiluvy,0.00038402457757296467
aqillafaya,0.00038402457757296467
zeniusbyme,0.00038402457757296467
funami_iidx,0.00038402457757296467
zeniuslelicia,0.00038402457757296467
bagusbiasa6,0.00038402457757296467
rintdou,0.00038402457757296467
downytigarasa,0.00038402457757296467
pcychnyeoll,0.00038402457757296467
sweety0ngg,0.00038402457757296467
dat00slove,0.00038402457757296467
kerelllen,0.00038402457757296467
darqolate,0.00038402457757296467
lovestozad,0.00038402457757296467
darknessfourr,0.00038402457757296467
flyingkucing,0.00038402457757296467
cryptosanthoshg,0.00038402457757296467
tupfai,0.00038402457757296467
kokoradenmogu,0.00038402457757296467
ytaeluvv,0.00038402457757296467
physiciansoon,0.00038402457757296467
ytanakamo,0.00038402457757296467
cucudokja,0.00038402457757296467
andalasfess,0.00038402457757296467
crynindenyt,0.00038402457757296467
doychanna,0.00038402457757296467
ooreki_,0.00038402457757296467
yutachtien,0.00038402457757296467
nanadngambis,0.00038402457757296467
ysputri__,0.00038402457757296467
pengenits,0.00038402457757296467
crit_effect,0.00038402457757296467
_pixlsugr,0.00038402457757296467
definitelybila,0.00038402457757296467
caramelleah,0.00038402457757296467
zenalolosutbk22,0.00038402457757296467
deluziee,0.00038402457757296467
xxnabilaaz,0.00038402457757296467
gerimisdingin,0.00038402457757296467
yaspip,0.00038402457757296467
ekaltfinurazizh,0.00038402457757296467
shayeerah,0.00038402457757296467
vicegirl98,0.00038402457757296467
anggurmaroon,0.00038402457757296467
studydies,0.00038402457757296467
rheanjunn,0.00038402457757296467
ukuuu4,0.00038402457757296467
crackegg2,0.00038402457757296467
kogassi,0.00038402457757296467
craetaceus,0.00038402457757296467
ciggaftermeal,0.00038402457757296467
legendaryarrow1,0.00038402457757296467
studiesrn,0.00038402457757296467
cherambiss,0.00038402457757296467
stinkyburgers,0.00038402457757296467
vanyazzahra,0.00038402457757296467
echaml__,0.00038402457757296467
centivl,0.00038402457757296467
hotmaanparis,0.00038402457757296467
coralandsummer_,0.00038402457757296467
desieeci,0.00038402457757296467
comeandxoxo,0.00038402457757296467
cowtoonn,0.00038402457757296467
studyeuph,0.00038402457757296467
imamazingrn,0.00038402457757296467
studyfaaaa,0.00038402457757296467
ambizwithucup,0.00038402457757296467
clumsyoe,0.00038402457757296467
koaqlaa,0.00038402457757296467
studyima,0.00038402457757296467
cloudyjen00,0.00038402457757296467
chendellion,0.00038402457757296467
cloudishlly,0.00038402457757296467
caastudyy,0.00038402457757296467
cloud1xd,0.00038402457757296467
kejuricheeze,0.00038402457757296467
cestmoiadenn,0.00038402457757296467
urmarklee99,0.00038402457757296467
hooneyeol,0.00038402457757296467
keiilahaha,0.00038402457757296467
sukacanduu,0.00038402457757296467
urmatchaw,0.00038402457757296467
studywithcika,0.00038402457757296467
stvdyca,0.00038402457757296467
stufffzx,0.00038402457757296467
ddumbiie,0.00038402457757296467
sunmolor,0.00038402457757296467
rakyatasgard,0.00038402457757296467
sunndaylight,0.00038402457757296467
crispyfairy,0.00038402457757296467
sunshinepily,0.00038402457757296467
ohmyyunki,0.00038402457757296467
sushitrashf,0.00038402457757296467
studynamitee,0.00038402457757296467
chachaatdy,0.00038402457757296467
sdoodioo,0.00038402457757296467
studyiren,0.00038402457757296467
siscakolh,0.00038402457757296467
chawmomile,0.00038402457757296467
yeonbwin,0.00038402457757296467
stayrmg,0.00038402457757296467
chaotichoes,0.00038402457757296467
drunkerthink,0.00038402457757296467
chanlsty,0.00038402457757296467
solelytolove,0.00038402457757296467
chaniechaniee,0.00038402457757296467
nadsunoo,0.00038402457757296467
mencobarajinn,0.00038402457757296467
stazzmon,0.00038402457757296467
jonelis__,0.00038402457757296467
nisnotes,0.00038402457757296467
thndpnpgnkuliah,0.00038402457757296467
seminggulagi,0.00038402457757296467
teccasdsmp,0.00038402457757296467
txtuhy,0.00038402457757296467
borjuisociety,0.00038402457757296467
coeursea,0.00038402457757296467
telorcepiog,0.00038402457757296467
yedamsmate,0.00038402457757296467
tersahisahi,0.00038402457757296467
delightfulight,0.00038402457757296467
swwhun,0.00038402457757296467
callmettaaa,0.00038402457757296467
siifkkmk,0.00038402457757296467
callmeoty,0.00038402457757296467
taulusgerl,0.00038402457757296467
owrientasi,0.00038402457757296467
cactuls,0.00038402457757296467
boutfairy,0.00038402457757296467
elleriour,0.00038402457757296467
stomatcha,0.00038402457757296467
septgvy,0.00038402457757296467
madubenkyou,0.00038402457757296467
serinshi,0.00038402457757296467
jinnieatr,0.00038402457757296467
setannlucky,0.00038402457757296467
yesiamjasmin,0.00038402457757296467
settuce,0.00038402457757296467
creamycinz,0.00038402457757296467
hajimaaaaaaah,0.00038402457757296467
premding,0.00038402457757296467
shallmeet_loey,0.00038402457757296467
eleanor_park7,0.00038402457757296467
dygnit,0.00038402457757296467
ffoodfess,0.00038402457757296467
accountantz_,0.00038402457757296467
taaannntann,0.00038402457757296467
tokopedisa,0.00038402457757296467
baseumum,0.00038402457757296467
cjreamy,0.00038402457757296467
lalaloveyy__,0.00038402457757296467
tootime2time_,0.00038402457757296467
komorebby,0.00038402457757296467
topiksemalam,0.00038402457757296467
gabisamupon,0.00038402457757296467
trealogy,0.00038402457757296467
rintarouzie,0.00038402457757296467
tinibinnie,0.00038402457757296467
plummywrld,0.00038402457757296467
thaichans,0.00038402457757296467
itzaixovvy,0.00038402457757296467
burlywoodie,0.00038402457757296467
yeyyzwiee,0.00038402457757296467
ocxtober,0.00038402457757296467
bumbushashaa,0.00038402457757296467
sunceaura,0.00038402457757296467
kebongean,0.00038402457757296467
taemybby,0.00038402457757296467
budimanyuman,0.00038402457757296467
simulasiku_id,0.00038402457757296467
risoljamur,0.00038402457757296467
buciinbelajar,0.00038402457757296467
liaambis_xx,0.00038402457757296467
buburbayiracer,0.00038402457757296467
akueflin,0.00038402457757296467
tebaksiapayo,0.00038402457757296467
brrr0110,0.00038402457757296467
am0licano,0.00038402457757296467
zeniussupport,0.00038402457757296467
yoonjaehyukz,0.00038402457757296467
rnalsr,0.00038402457757296467
zenius14,0.00038402457757296467
biskuitimtam,0.00038402457757296467
nnjaemi,0.00038402457757296467
imnayeonmygirl,0.00038402457757296467
nnismal,0.00038402457757296467
wmhendra_,0.00038402457757296467
blacksweetieezz,0.00038402457757296467
arnggives,0.00038402457757296467
nnajaeminiest,0.00038402457757296467
shijakbuteodaa,0.00038402457757296467
mabauiaamiin,0.00038402457757296467
billie__sky,0.00038402457757296467
honeylitdafire,0.00038402457757296467
blueyezyz,0.00038402457757296467
biokatalis,0.00038402457757296467
himmelunderde_,0.00038402457757296467
bintanngggaja,0.00038402457757296467
xcreddkanaartha,0.00038402457757296467
baekieexohyun77,0.00038402457757296467
__wulwiddd,0.00038402457757296467
jolovesji,0.00038402457757296467
nobeeta_,0.00038402457757296467
munfess,0.00038402457757296467
nochtrnl,0.00038402457757296467
astheroidss,0.00038402457757296467
koebisik,0.00038402457757296467
rooooollllll,0.00038402457757296467
artlerto,0.00038402457757296467
soumetsuu,0.00038402457757296467
nore2dx,0.00038402457757296467
vaniaaaambis,0.00038402457757296467
sadboy1410,0.00038402457757296467
suckspears,0.00038402457757296467
bluveriz,0.00038402457757296467
violetblueish,0.00038402457757296467
begatdang,0.00038402457757296467
zenutella,0.00038402457757296467
beetchytrinity,0.00038402457757296467
rasberia,0.00038402457757296467
sahabatbrainly,0.00038402457757296467
voievode01,0.00038402457757296467
bealajar,0.00038402457757296467
felstudypage,0.00038402457757296467
sanzupaws,0.00038402457757296467
wakasacult,0.00038402457757296467
bbangmintonn,0.00038402457757296467
jihyeongsanim,0.00038402457757296467
bangtanlves,0.00038402457757296467
taekooksmochie,0.00038402457757296467
banaspatidingin,0.00038402457757296467
winterpocas,0.00038402457757296467
aammmmaarrrr,0.00038402457757296467
wannabegzoox,0.00038402457757296467
bamtory2,0.00038402457757296467
akukarmaloh,0.00038402457757296467
mmmaaauuulll_,0.00038402457757296467
wasserdruck,0.00038402457757296467
bigwinnkuy,0.00038402457757296467
ezclipzieee,0.00038402457757296467
blueshintarou,0.00038402457757296467
sunnshinw,0.00038402457757296467
straykdzchan,0.00038402457757296467
wheeinnnnn,0.00038402457757296467
thisbluemarie,0.00038402457757296467
blxndthematcha,0.00038402457757296467
mebeingmeitsme,0.00038402457757296467
aishaviadini,0.00038402457757296467
alyawkwkwk,0.00038402457757296467
cathions,0.00038402457757296467
jollymarkjaem,0.00038402457757296467
isnturfauit,0.00038402457757296467
jqblay,0.00038402457757296467
orchidzyone,0.00038402457757296467
chaeraelk,0.00038402457757296467
oocomfortzone,0.00038402457757296467
nrossiee,0.00038402457757296467
hijustcallwawa,0.00038402457757296467
mikacaackerman,0.00038402457757296467
avarialeh,0.00038402457757296467
studywithgee,0.00038402457757296467
nisamabaundip,0.00038402457757296467
monobuns,0.00038402457757296467
awjaybcutie,0.00038402457757296467
kinderrry,0.00038402457757296467
jlopeu,0.00038402457757296467
markiet__t,0.00038402457757296467
jjwimim,0.00038402457757296467
eazypol,0.00038402457757296467
divaalfiah,0.00038402457757296467
orgrendahan,0.00038402457757296467
jiwoonstudy,0.00038402457757296467
jjeonsbae_,0.00038402457757296467
jinnymine,0.00038402457757296467
ndess_5,0.00038402457757296467
ceritadarimalam,0.00038402457757296467
orgsm95,0.00038402457757296467
_alphaif,0.00038402457757296467
jiebutterflies,0.00038402457757296467
thingaboutsa,0.00038402457757296467
otsukarenasama,0.00038402457757296467
kimjonunh,0.00038402457757296467
studybooster1,0.00038402457757296467
awrllll,0.00038402457757296467
melancholycurse,0.00038402457757296467
arkxnk,0.00038402457757296467
miniematrix,0.00038402457757296467
notyourexxx_,0.00038402457757296467
archiena_,0.00038402457757296467
kimdokjaist,0.00038402457757296467
_clairdxlunx,0.00038402457757296467
noviceartistt,0.00038402457757296467
aourly,0.00038402457757296467
lecbah,0.00038402457757296467
lucynaomii,0.00038402457757296467
njunnnana,0.00038402457757296467
clobe,0.00038402457757296467
meliyetik,0.00038402457757296467
ssrmao,0.00038402457757296467
novpdd,0.00038402457757296467
nfifah23,0.00038402457757296467
nelheeyoung,0.00038402457757296467
babigurlsss,0.00038402457757296467
sayaadatugas,0.00038402457757296467
sugarroar,0.00038402457757296467
netaijal,0.00038402457757296467
azwastuds,0.00038402457757296467
ulinnastudycrnr,0.00038402457757296467
xxshineyz,0.00038402457757296467
mejikuhibinniu,0.00038402457757296467
ayukawaifu,0.00038402457757296467
kontoreuu,0.00038402457757296467
markcitygurl,0.00038402457757296467
meim99_,0.00038402457757296467
fizzyflanks,0.00038402457757296467
visentiaiko,0.00038402457757296467
mondmaadchen_,0.00038402457757296467
vimard_,0.00038402457757296467
thaliamecca,0.00038402457757296467
zweetbangtan,0.00038402457757296467
txtfromshasa,0.00038402457757296467
preci0usgirll,0.00038402457757296467
http4le,0.00038402457757296467
ambizeee,0.00038402457757296467
txlmcc,0.00038402457757296467
veildiablo,0.00038402457757296467
ossocleo,0.00038402457757296467
iatoxicera,0.00038402457757296467
valleznx,0.00038402457757296467
h9o3n,0.00038402457757296467
amourksw,0.00038402457757296467
trili_haja21,0.00038402457757296467
user80972,0.00038402457757296467
ajelyabavissa,0.00038402457757296467
yoripioangln_,0.00038402457757296467
aj3_n0,0.00038402457757296467
errichoco,0.00038402457757296467
aishksoodo,0.00038402457757296467
ddaekhyunsooxz,0.00038402457757296467
tymochie,0.00038402457757296467
aamiinpsikologi,0.00038402457757296467
willbeokay22,0.00038402457757296467
tupperwery,0.00038402457757296467
_sellaturcica_,0.00038402457757296467
hikmamen,0.00038402457757296467
typingmybest,0.00038402457757296467
esra81787871,0.00038402457757296467
_nocturnalism,0.00038402457757296467
goldenmilestone,0.00038402457757296467
ugmduadua,0.00038402457757296467
masukptn2k22,0.00038402457757296467
partaisocmed,0.00038402457757296467
andez_c_f,0.00038402457757296467
zlaraaa27,0.00038402457757296467
afaqihaa_,0.00038402457757296467
alvernim,0.00038402457757296467
richslacker,0.00038402457757296467
vdfhel,0.00038402457757296467
zepeted,0.00038402457757296467
kasttangel,0.00038402457757296467
alletsacc,0.00038402457757296467
luckeenreech,0.00038402457757296467
zeusswet,0.00038402457757296467
alfanda_14,0.00038402457757296467
dowoonderfull,0.00038402457757296467
akuuuuuuily,0.00038402457757296467
vychologist,0.00038402457757296467
thaiteastudy,0.00038402457757296467
akusyngdoraemon,0.00038402457757296467
xsomanyvoicesx,0.00038402457757296467
cocooteee,0.00038402457757296467
scksprsn,0.00038402457757296467
zofufo,0.00038402457757296467
cutiebunnyieww,0.00038402457757296467
ztzvall,0.00038402457757296467
ajustforanya,0.00038402457757296467
makeuvilm,0.00038402457757296467
ambiskuu,0.00038402457757296467
hmzhfzn,0.00038402457757296467
brokenstrays,0.00038402457757296467
ambisliciouss,0.00038402457757296467
humancarrot_,0.00038402457757296467
anggitarchive,0.00038402457757296467
momonih,0.00038402457757296467
undipmenfess,0.00038402457757296467
_karashaa,0.00038402457757296467
knjsbrain,0.00038402457757296467
achmadfajar_p,0.00038402457757296467
fagyumi,0.00038402457757296467
wooseoj,0.00038402457757296467
highekspektasi,0.00038402457757296467
adoremiyas,0.00038402457757296467
dainchou,0.00038402457757296467
adoracale,0.00038402457757296467
cipuyh,0.00038402457757296467
wtfjaktim,0.00038402457757296467
fluffykaia,0.00038402457757296467
adeoxxtxs,0.00038402457757296467
parisuburbs,0.00038402457757296467
x1xiboba,0.00038402457757296467
adaicaa,0.00038402457757296467
berjualanfess,0.00038402457757296467
nuhisiryi,0.00038402457757296467
hangyuf,0.00038402457757296467
ynrlj08,0.00038402457757296467
baekhyvna,0.00038402457757296467
jaewkids,0.00038402457757296467
bibblefly,0.00038402457757296467
shlghtsun,0.00038402457757296467
xoxo22happiest,0.00038402457757296467
berusahangambis,0.00038402457757296467
vithzee,0.00038402457757296467
icutiejaemin,0.00038402457757296467
wintermiif,0.00038402457757296467
mylktae,0.00038402457757296467
believinmine,0.00038402457757296467
itsmekirena,0.00038402457757296467
wiiiskes,0.00038402457757296467
afnesfisnanda3,0.00038402457757296467
hhhhhaikamu,0.00038402457757296467
unavailable6661,0.00038402457757296467
hermbione,0.00038402457757296467
_clarastorm_,0.00038402457757296467
aufambis,0.00038402457757296467
_am4x_,0.00038402457757296467
malecca,0.00038402457757296467
__virago__,0.00038402457757296467
namseinugu,0.00038402457757296467
cayendoj,0.00038402457757296467
uranyus,0.00038402457757296467
asyllib,0.00038402457757296467
wjyd_22,0.00038402457757296467
cloudy_vread,0.00038402457757296467
2022akpol,0.00038402457757296467
bilasukabelajar,0.00038402457757296467
wntrrgrdn_,0.00038402457757296467
1999chyunsuk,0.00038402457757296467
agismaulana_,0.00038402457757296467
hjwntbe4,0.00038402457757296467
17o74,0.00038402457757296467
chzyfrap,0.00038402457757296467
woncevs,0.00038402457757296467
abcdefglsya,0.00038402457757296467
dontfhanique,0.00038402457757296467
yujsoob,0.00038402457757296467
aimamamia,0.00038402457757296467
ibubaubiskuit,0.00038402457757296467
ailuvmaself_,0.00038402457757296467
imcookiess,0.00038402457757296467
ahmadhafidzs,0.00038402457757296467
dark_sky_walker,0.00038402457757296467
wonkecii,0.00038402457757296467
akutehbulan,0.00038402457757296467
