Node,Degree Centrality
schfess,0.141321044546851
sbmptnfess,0.07910906298003072
subschfess,0.07104454685099847
sabdaps,0.01881720430107527
zenius_oliv,0.018433179723502304
bertanyarl,0.01728110599078341
hopefullyperf,0.016897081413210446
convomf,0.013824884792626727
utbkfess,0.012672811059907835
byunpov,0.008832565284178187
ambisfs,0.007296466973886329
zenambis,0.007296466973886329
vickyutami2,0.006528417818740399
gapyearfess,0.00576036866359447
smkfess,0.0038402457757296467
keyystudies,0.0038402457757296467
zen_kakyuni,0.0030721966205837174
msputraaz,0.0030721966205837174
zenbyzaa,0.002688172043010753
panggilajazul,0.002688172043010753
ftievi,0.002688172043010753
zeniusambis,0.002688172043010753
amsterdamlaf,0.002688172043010753
pfmmipy,0.002304147465437788
txtapaadanya,0.002304147465437788
sharon_zenius,0.002304147465437788
cittairlanie,0.002304147465437788
taeexyz,0.002304147465437788
dekapanfiksii,0.002304147465437788
atypicali,0.0019201228878648233
student_fess,0.0019201228878648233
shourtcakee,0.0019201228878648233
whentheweather,0.0019201228878648233
sedikidnormal,0.0019201228878648233
helloyoon4,0.0019201228878648233
tetsuuuuuw,0.0019201228878648233
ambverss,0.0019201228878648233
itzjaraaa,0.0019201228878648233
quip_zenshare,0.0019201228878648233
englishfess_,0.0019201228878648233
matchamaeleon,0.0019201228878648233
aurellovee,0.0019201228878648233
pshstudy,0.0015360983102918587
syifakyung,0.0015360983102918587
itsmechelllllll,0.0015360983102918587
r4bbiiit,0.0015360983102918587
bnauree,0.0015360983102918587
azaleyyaa,0.0015360983102918587
jpfbase,0.0015360983102918587
1975nk,0.0015360983102918587
jeromepolin,0.0015360983102918587
audorebel,0.0015360983102918587
pasukanambis,0.0015360983102918587
badp3ople,0.0015360983102918587
mystruggle___,0.0015360983102918587
bucincimolll,0.0015360983102918587
madamemoisse,0.0015360983102918587
ssophrosynee,0.0015360983102918587
uburuburuu,0.0015360983102918587
vazlae,0.0015360983102918587
preciousjh17,0.0015360983102918587
stanmenfess,0.0015360983102918587
atomhidrogen1,0.0015360983102918587
mitrabelajarmu,0.0015360983102918587
namaewanaori,0.0015360983102918587
asdfghjklhftt,0.0015360983102918587
collegemenfess,0.0015360983102918587
nowsantuy,0.0015360983102918587
lightfu17,0.0015360983102918587
askrlfess,0.0015360983102918587
yantoyamazaki,0.0015360983102918587
prkdlx,0.0015360983102918587
jaemcityx,0.0015360983102918587
noodlezzzip,0.001152073732718894
nasculfadhil,0.001152073732718894
potatoesavire,0.001152073732718894
ljystudz,0.001152073732718894
suckcietyy,0.001152073732718894
ambisstudd,0.001152073732718894
piwchicks,0.001152073732718894
studstudiee,0.001152073732718894
sweettaeev,0.001152073732718894
taebearys,0.001152073732718894
lyuvjigguk,0.001152073732718894
hiyifa,0.001152073732718894
jualanmurcee,0.001152073732718894
studyfess,0.001152073732718894
convomfs,0.001152073732718894
sygfess,0.001152073732718894
semangattbljr22,0.001152073732718894
azijik,0.001152073732718894
n00teskuas,0.001152073732718894
cimycatha,0.001152073732718894
schcampus,0.001152073732718894
mezmaraised,0.001152073732718894
ontinyawagyu,0.001152073732718894
ahdwik__,0.001152073732718894
bothroses,0.001152073732718894
ssefnum,0.001152073732718894
memeykarta,0.001152073732718894
sszvize,0.001152073732718894
polkacoma,0.001152073732718894
zeniusssss,0.001152073732718894
kdoydoyi,0.001152073732718894
gustity1,0.001152073732718894
purplishdaisy,0.001152073732718894
forfuture06,0.001152073732718894
gyuravity,0.001152073732718894
user0014297,0.001152073732718894
awcitrun,0.001152073732718894
canwehvebutter,0.001152073732718894
luvinfaisy,0.001152073732718894
txtdariharsa,0.001152073732718894
itscammila,0.001152073732718894
d1nosauruss,0.001152073732718894
hijiheon,0.001152073732718894
fyoduor,0.001152073732718894
lagihbelajar,0.001152073732718894
mbisambis,0.0007680491551459293
rachelamnd14,0.0007680491551459293
lovemaze52,0.0007680491551459293
mbakjenniekim,0.0007680491551459293
andrigunardiii,0.0007680491551459293
marktermeloo_n,0.0007680491551459293
subeeobin,0.0007680491551459293
nurhidazenius,0.0007680491551459293
lovelifeyea,0.0007680491551459293
mccnphase,0.0007680491551459293
okeuy12,0.0007680491551459293
angelyxc1,0.0007680491551459293
lkwrdh_,0.0007680491551459293
khalifakinayaa1,0.0007680491551459293
billah_bambu,0.0007680491551459293
adelaydens,0.0007680491551459293
oreocuros,0.0007680491551459293
nevermindeuz,0.0007680491551459293
nrlsaes,0.0007680491551459293
sahrra00,0.0007680491551459293
eunheeberries,0.0007680491551459293
funnytummy_,0.0007680491551459293
jenoactrus,0.0007680491551459293
vitamiiinc_,0.0007680491551459293
junggjaejhyun,0.0007680491551459293
lunerpw,0.0007680491551459293
waytogoals,0.0007680491551459293
taekyootie,0.0007680491551459293
ciaooo000,0.0007680491551459293
maujadicrushmu,0.0007680491551459293
newhopekila,0.0007680491551459293
sangjaei,0.0007680491551459293
flyfromhell,0.0007680491551459293
jejejesiee_,0.0007680491551459293
maublajar,0.0007680491551459293
lisambis,0.0007680491551459293
ttlindonesia,0.0007680491551459293
lawcobaambis,0.0007680491551459293
nelvaaze,0.0007680491551459293
meyskezz,0.0007680491551459293
s_rhizaa,0.0007680491551459293
chelsstudy,0.0007680491551459293
mowgyli,0.0007680491551459293
__ther3sa,0.0007680491551459293
koyuudayo,0.0007680491551459293
studyyarea,0.0007680491551459293
hjsl0ve,0.0007680491551459293
qheejin,0.0007680491551459293
chewmist,0.0007680491551459293
querencieaj,0.0007680491551459293
vkfluffy,0.0007680491551459293
raeambisbesok,0.0007680491551459293
friedricelogy,0.0007680491551459293
puttrrrri,0.0007680491551459293
pinkeuza,0.0007680491551459293
hotiecutiee,0.0007680491551459293
illusionnary,0.0007680491551459293
diveinkyoto,0.0007680491551459293
roeversinceny,0.0007680491551459293
cuwprint,0.0007680491551459293
replayrepliy,0.0007680491551459293
richw0mann,0.0007680491551459293
rigelarion,0.0007680491551459293
rapinzeul,0.0007680491551459293
skamletoy,0.0007680491551459293
ursaturnss,0.0007680491551459293
mybalwoon,0.0007680491551459293
milkeurii,0.0007680491551459293
plsidunnowhoim,0.0007680491551459293
wonpilmart,0.0007680491551459293
mhelmyahya,0.0007680491551459293
zh0ngchn,0.0007680491551459293
imkhsnh,0.0007680491551459293
glamoroustudy,0.0007680491551459293
moonareas,0.0007680491551459293
hwangghinaa,0.0007680491551459293
7orupiah,0.0007680491551459293
halusinasiberat,0.0007680491551459293
nanas_malas,0.0007680491551459293
studysyx,0.0007680491551459293
men4ng1s,0.0007680491551459293
haechii_fullsun,0.0007680491551459293
dinowin_,0.0007680491551459293
acahikun,0.0007680491551459293
muthxzsh_,0.0007680491551459293
ofeverythingg,0.0007680491551459293
sadgurlzzz11,0.0007680491551459293
joonnyoung,0.0007680491551459293
jesstjakep,0.0007680491551459293
aliyyonggs,0.0007680491551459293
ddeongwush,0.0007680491551459293
dreamnforward,0.0007680491551459293
homerunballcola,0.0007680491551459293
adhipramonooo,0.0007680491551459293
diterimafkui,0.0007680491551459293
jennstudy,0.0007680491551459293
selpiaap,0.0007680491551459293
alvinbaj,0.0007680491551459293
cursedkidd,0.0007680491551459293
httpsvanes,0.0007680491551459293
estehpanasding1,0.0007680491551459293
gaaragtng,0.0007680491551459293
akutaurifky,0.0007680491551459293
chiayouu,0.0007680491551459293
anazureine,0.0007680491551459293
ambisssaaa,0.0007680491551459293
pecintalatte__,0.0007680491551459293
saikaawa,0.0007680491551459293
_lunar25_,0.0007680491551459293
satpam_kmplk,0.0007680491551459293
1r481n,0.0007680491551459293
rabiebz,0.0007680491551459293
toralanguru,0.0007680491551459293
chemicalphobyc,0.0007680491551459293
boutjinan,0.0007680491551459293
cleyopatttra,0.0007680491551459293
clorophhyl,0.0007680491551459293
cokelataro,0.0007680491551459293
lovlyxmg,0.0007680491551459293
doyrencute,0.0007680491551459293
pxercys,0.0007680491551459293
centacea,0.0007680491551459293
aulion,0.0007680491551459293
echanensiti22,0.0007680491551459293
lmansa3,0.0007680491551459293
studywithsa,0.0007680491551459293
edukasystem,0.0007680491551459293
stilltryingplss,0.0007680491551459293
jeeejeeejee,0.0007680491551459293
strawbeeried,0.0007680491551459293
studyayle,0.0007680491551459293
therebahan,0.0007680491551459293
obsidiaine,0.0007680491551459293
tubirfess,0.0007680491551459293
moothyea,0.0007680491551459293
scndofwil,0.0007680491551459293
jihanbelva,0.0007680491551459293
vasyaksm,0.0007680491551459293
bljr30mnit1hari,0.0007680491551459293
jie_noona15,0.0007680491551459293
blackmantaaa,0.0007680491551459293
matchaawa,0.0007680491551459293
zenimaoya,0.0007680491551459293
ayangiesicheng,0.0007680491551459293
aresvvv,0.0007680491551459293
jinsuyya,0.0007680491551459293
soonkissad,0.0007680491551459293
alonevrydy,0.0007680491551459293
asyaralanyar,0.0007680491551459293
browniefluffy,0.0007680491551459293
goenawan_dedi,0.0007680491551459293
vermmouht,0.0007680491551459293
troismotsvides,0.0007680491551459293
urielflames,0.0007680491551459293
historiye,0.0007680491551459293
twutwah,0.0007680491551459293
junepiyaw,0.0007680491551459293
imgoingsollolo,0.0007680491551459293
tingkiwingki21,0.0007680491551459293
yellingoutt,0.0007680491551459293
ehapayabingung,0.0007680491551459293
silverqueern,0.0007680491551459293
sorrelsoup__,0.0007680491551459293
2022camaba,0.0007680491551459293
acciostoreofc,0.0007680491551459293
sss_aeri,0.0007680491551459293
rifaa_fitria,0.0007680491551459293
sstrnice,0.0007680491551459293
aguskusuma110,0.0007680491551459293
tsavahna,0.0007680491551459293
nyawmiazks_,0.0007680491551459293
skiesonyou,0.0007680491551459293
gabysatidur,0.0007680491551459293
jaeminstudy,0.0007680491551459293
raraakunambis,0.0007680491551459293
yukbisasemangat,0.0007680491551459293
yungnikiii,0.0007680491551459293
yyours_s,0.0007680491551459293
zeeuze,0.0007680491551459293
evanescenzt,0.0007680491551459293
floerlilsuns,0.0007680491551459293
classimoon,0.0007680491551459293
rillakuman,0.0007680491551459293
thepurpletshirt,0.0007680491551459293
reikqmiya,0.0007680491551459293
ancoraimparo___,0.0007680491551459293
maillov_,0.0007680491551459293
sonofthesunnnn,0.0007680491551459293
olivehateem_,0.0007680491551459293
lizzypeachyy,0.0007680491551459293
almondmilkies,0.0007680491551459293
numdeysix,0.0007680491551459293
themposition,0.0007680491551459293
plstmnrljgnnemu,0.0007680491551459293
maisyaphnn,0.0007680491551459293
privateboba,0.0007680491551459293
yoshaurs,0.0007680491551459293
studywystar,0.0007680491551459293
bang_garr,0.0007680491551459293
mariambisptkn,0.0007680491551459293
princes54798837,0.0007680491551459293
shovwl,0.0007680491551459293
letskol,0.0007680491551459293
bapakdomba,0.0007680491551459293
potongannf,0.0007680491551459293
sbyfess,0.0007680491551459293
hilycious,0.0007680491551459293
ambisss1,0.0007680491551459293
giornogiiovanna,0.0007680491551459293
vminenths,0.0007680491551459293
notge0n,0.0007680491551459293
pemudalusi,0.0007680491551459293
lilsunschenle,0.0007680491551459293
hujkwqe83dja,0.0007680491551459293
nashiayamgeprek,0.0007680491551459293
cerephaka,0.0007680491551459293
nafastudy,0.0007680491551459293
noobychild,0.0007680491551459293
1204s0s,0.0007680491551459293
pdkxbxj,0.0007680491551459293
alloeverea,0.0007680491551459293
fagyumi,0.00038402457757296467
ibubaubiskuit,0.00038402457757296467
adoremiyas,0.00038402457757296467
adyiaar,0.00038402457757296467
aestheshal,0.00038402457757296467
abhin54112978,0.00038402457757296467
wicaksanaas,0.00038402457757296467
ailuvmaself_,0.00038402457757296467
imcookiess,0.00038402457757296467
afprodit,0.00038402457757296467
hhhhhaikamu,0.00038402457757296467
agismaulana_,0.00038402457757296467
agracelly,0.00038402457757296467
ahmadhafidzs,0.00038402457757296467
dark_sky_walker,0.00038402457757296467
hali_halaa,0.00038402457757296467
agungstyngrh,0.00038402457757296467
flummfox,0.00038402457757296467
anakibubapak2,0.00038402457757296467
afnesfisnanda3,0.00038402457757296467
adaicaa,0.00038402457757296467
dainchou,0.00038402457757296467
aniesbaswaras,0.00038402457757296467
believinmine,0.00038402457757296467
beolkucing,0.00038402457757296467
inianissaa,0.00038402457757296467
berprosess_,0.00038402457757296467
vithzee,0.00038402457757296467
berusahangambis,0.00038402457757296467
bestjpboy,0.00038402457757296467
biancallysta_,0.00038402457757296467
shlghtsun,0.00038402457757296467
bibblefly,0.00038402457757296467
jaewkids,0.00038402457757296467
baekhyvna,0.00038402457757296467
anightthinker_,0.00038402457757296467
angkel_mutu,0.00038402457757296467
adoracale,0.00038402457757296467
cestlacherie,0.00038402457757296467
abilambis,0.00038402457757296467
accioiiviaa,0.00038402457757296467
nuhisiryi,0.00038402457757296467
achmadfajar_p,0.00038402457757296467
adaajeyekan,0.00038402457757296467
berjualanfess,0.00038402457757296467
addicttophysics,0.00038402457757296467
parisuburbs,0.00038402457757296467
adeoxxtxs,0.00038402457757296467
adindadinduy,0.00038402457757296467
adindakyuti,0.00038402457757296467
cipuyh,0.00038402457757296467
aimamamia,0.00038402457757296467
jaejaewoonie,0.00038402457757296467
aeranaa,0.00038402457757296467
yoripioangln_,0.00038402457757296467
http4le,0.00038402457757296467
ambitiounman,0.00038402457757296467
ambistidurr,0.00038402457757296467
cluvdiigirl,0.00038402457757296467
ambispgnfk,0.00038402457757296467
ajelyabavissa,0.00038402457757296467
aj3_n0,0.00038402457757296467
chanshuh,0.00038402457757296467
errichoco,0.00038402457757296467
aishksoodo,0.00038402457757296467
ddaekhyunsooxz,0.00038402457757296467
aiseeeya,0.00038402457757296467
aamiinpsikologi,0.00038402457757296467
willbeokay22,0.00038402457757296467
ambizeee,0.00038402457757296467
devliaon,0.00038402457757296467
abcdreaam,0.00038402457757296467
anamambis22,0.00038402457757296467
fk22amin,0.00038402457757296467
andikaprayogo17,0.00038402457757296467
andez_c_f,0.00038402457757296467
partaisocmed,0.00038402457757296467
annisahumairap,0.00038402457757296467
ssaegt,0.00038402457757296467
remostra,0.00038402457757296467
jisoooap,0.00038402457757296467
amourksw,0.00038402457757296467
h9o3n,0.00038402457757296467
amortenntia,0.00038402457757296467
amersyu_,0.00038402457757296467
devnur99,0.00038402457757296467
likamarkeu,0.00038402457757296467
aagoyoga,0.00038402457757296467
_sellaturcica_,0.00038402457757296467
hikmamen,0.00038402457757296467
1navihd,0.00038402457757296467
8ccola,0.00038402457757296467
24sheesh,0.00038402457757296467
titiswell,0.00038402457757296467
2022akpol,0.00038402457757296467
bilasukabelajar,0.00038402457757296467
2021jdmaba,0.00038402457757296467
itsmekirena,0.00038402457757296467
_scenerys,0.00038402457757296467
hjwntbe4,0.00038402457757296467
17o74,0.00038402457757296467
chzyfrap,0.00038402457757296467
abccccika,0.00038402457757296467
abcdefglsya,0.00038402457757296467
dontfhanique,0.00038402457757296467
90schan_,0.00038402457757296467
97washere,0.00038402457757296467
____meenn,0.00038402457757296467
namseinugu,0.00038402457757296467
__virago__,0.00038402457757296467
malecca,0.00038402457757296467
_am4x_,0.00038402457757296467
aufambis,0.00038402457757296467
_clarastorm_,0.00038402457757296467
_dxlsd,0.00038402457757296467
knjsbrain,0.00038402457757296467
_karashaa,0.00038402457757296467
curlytaetae,0.00038402457757296467
ddowoonssi,0.00038402457757296467
goldenmilestone,0.00038402457757296467
_nocturnalism,0.00038402457757296467
_nrlailaarh,0.00038402457757296467
1999chyunsuk,0.00038402457757296467
zenutella,0.00038402457757296467
belajarkui,0.00038402457757296467
belajarhey,0.00038402457757296467
miniematrix,0.00038402457757296467
kasihnamadong_,0.00038402457757296467
archiv8ste,0.00038402457757296467
archiena_,0.00038402457757296467
kimdokjaist,0.00038402457757296467
apriliaekadmynt,0.00038402457757296467
apfytn,0.00038402457757296467
apalo_cari2gw,0.00038402457757296467
aourly,0.00038402457757296467
lecbah,0.00038402457757296467
anyasllbenar,0.00038402457757296467
anyaacube,0.00038402457757296467
anthophiile,0.00038402457757296467
avoucadoei,0.00038402457757296467
audiiiee,0.00038402457757296467
arkxnk,0.00038402457757296467
arloaddict,0.00038402457757296467
aishaviadini,0.00038402457757296467
xpapermint,0.00038402457757296467
atlantijs,0.00038402457757296467
asvsrvcrz,0.00038402457757296467
astheroidss,0.00038402457757296467
koebisik,0.00038402457757296467
asliceofcheese2,0.00038402457757296467
asheillette,0.00038402457757296467
loosealive,0.00038402457757296467
arnggives,0.00038402457757296467
icecreamm_21,0.00038402457757296467
artlerto,0.00038402457757296467
soumetsuu,0.00038402457757296467
arsyubvs,0.00038402457757296467
arshjch,0.00038402457757296467
arrazirafi,0.00038402457757296467
ayayayanaon,0.00038402457757296467
duniadatar,0.00038402457757296467
aracarbonaraa,0.00038402457757296467
mikacaackerman,0.00038402457757296467
monobuns,0.00038402457757296467
awesomekyung4,0.00038402457757296467
awasakunbaru,0.00038402457757296467
hineptunus,0.00038402457757296467
alehaleeee,0.00038402457757296467
avarialeh,0.00038402457757296467
auliasa44996530,0.00038402457757296467
awngantukbanget,0.00038402457757296467
fancykiddos,0.00038402457757296467
lveajpark,0.00038402457757296467
xexostar,0.00038402457757296467
cutiebrowniee,0.00038402457757296467
jqblay,0.00038402457757296467
isnturfauit,0.00038402457757296467
awjaybcutie,0.00038402457757296467
studybooster1,0.00038402457757296467
backtomeyay,0.00038402457757296467
azibiasaaja,0.00038402457757296467
babigurlsss,0.00038402457757296467
sayaadatugas,0.00038402457757296467
b1ntang0rion,0.00038402457757296467
b0kepindo,0.00038402457757296467
azwastuds,0.00038402457757296467
ulinnastudycrnr,0.00038402457757296467
ayyaafyu,0.00038402457757296467
awrllll,0.00038402457757296467
ayukawaifu,0.00038402457757296467
kontoreuu,0.00038402457757296467
ayosmgtt,0.00038402457757296467
raluey,0.00038402457757296467
__moonglade,0.00038402457757296467
ayamras,0.00038402457757296467
97sthinqs,0.00038402457757296467
anisa01248323,0.00038402457757296467
baealiel,0.00038402457757296467
bamtory2,0.00038402457757296467
bangtanlves,0.00038402457757296467
taekooksmochie,0.00038402457757296467
bandottp,0.00038402457757296467
banaspatidingin,0.00038402457757296467
aammmmaarrrr,0.00038402457757296467
banannauyu,0.00038402457757296467
akukarmaloh,0.00038402457757296467
bas0goreng,0.00038402457757296467
balsemgoreng,0.00038402457757296467
baestudyy,0.00038402457757296467
bibigohoonie,0.00038402457757296467
bigwinnkuy,0.00038402457757296467
ezclipzieee,0.00038402457757296467
biiruuuuu,0.00038402457757296467
banqkrut,0.00038402457757296467
bataraputra02,0.00038402457757296467
sunnshinw,0.00038402457757296467
rasberia,0.00038402457757296467
belajardong_,0.00038402457757296467
bekasisupremacy,0.00038402457757296467
jenoseno,0.00038402457757296467
begatdang,0.00038402457757296467
anggitarchive,0.00038402457757296467
beetchytrinity,0.00038402457757296467
bebasdaritmnrl,0.00038402457757296467
jihyeongsanim,0.00038402457757296467
beautiesoull,0.00038402457757296467
bealajar,0.00038402457757296467
felstudypage,0.00038402457757296467
bcsyoucan,0.00038402457757296467
bbstrawberry25,0.00038402457757296467
bbangmintonn,0.00038402457757296467
blueshintarou,0.00038402457757296467
bocilbodo,0.00038402457757296467
__wulwiddd,0.00038402457757296467
bismillahbisaye,0.00038402457757296467
vrdhmrh,0.00038402457757296467
blacksweetieezz,0.00038402457757296467
rnalsr,0.00038402457757296467
rxxras,0.00038402457757296467
bjyxxxxx20,0.00038402457757296467
biyeldaily,0.00038402457757296467
biskuitimtam,0.00038402457757296467
blueewyy,0.00038402457757296467
zenius14,0.00038402457757296467
biokatalis,0.00038402457757296467
himmelunderde_,0.00038402457757296467
bintanngggaja,0.00038402457757296467
xcreddkanaartha,0.00038402457757296467
baekieexohyun77,0.00038402457757296467
blucchis,0.00038402457757296467
mabauiaamiin,0.00038402457757296467
bobll_,0.00038402457757296467
winterpocas,0.00038402457757296467
bobarlgrs,0.00038402457757296467
bnxamilkoo,0.00038402457757296467
navaaaa_aa,0.00038402457757296467
natadekopok_,0.00038402457757296467
saramadhan,0.00038402457757296467
blxndthematcha,0.00038402457757296467
bluwberiy,0.00038402457757296467
billie__sky,0.00038402457757296467
bluveriz,0.00038402457757296467
suckspears,0.00038402457757296467
bluonyourm_,0.00038402457757296467
blueyezyz,0.00038402457757296467
honeylitdafire,0.00038402457757296467
bluelowsh,0.00038402457757296467
momonih,0.00038402457757296467
akuambisswoyyy,0.00038402457757296467
humancarrot_,0.00038402457757296467
eileithsia,0.00038402457757296467
elaboarte,0.00038402457757296467
ekonomiui,0.00038402457757296467
ekaltfinurazizh,0.00038402457757296467
cottonwools,0.00038402457757296467
ekacans__,0.00038402457757296467
eiydenist,0.00038402457757296467
egkjlsinisp,0.00038402457757296467
eleanor_park7,0.00038402457757296467
eduteaa,0.00038402457757296467
future__medstud,0.00038402457757296467
econoona,0.00038402457757296467
economixyz,0.00038402457757296467
echonomically,0.00038402457757296467
seetayz,0.00038402457757296467
legendaryarrow1,0.00038402457757296467
rizasfy26,0.00038402457757296467
e_markeu,0.00038402457757296467
starrjee,0.00038402457757296467
luccretia,0.00038402457757296467
caandyyliciouss,0.00038402457757296467
byunsofttea,0.00038402457757296467
fatresiahelena,0.00038402457757296467
wwirlddst,0.00038402457757296467
voriiel,0.00038402457757296467
scaryxxna,0.00038402457757296467
elrasr,0.00038402457757296467
reginastnteh,0.00038402457757296467
lyoura04,0.00038402457757296467
crackyclouds,0.00038402457757296467
creamycinz,0.00038402457757296467
hajimaaaaaaah,0.00038402457757296467
fangrun1ns,0.00038402457757296467
echan_dongsaeng,0.00038402457757296467
dzuldarojah80,0.00038402457757296467
exactlyexact,0.00038402457757296467
fairyssom,0.00038402457757296467
embunpagikinant,0.00038402457757296467
fajriea_,0.00038402457757296467
aaaaaaaaaa0022,0.00038402457757296467
fajarsuryadew,0.00038402457757296467
mofaisalakbar,0.00038402457757296467
faitinggg,0.00038402457757296467
fairynayaa,0.00038402457757296467
elysianbounds,0.00038402457757296467
fairyluvie,0.00038402457757296467
xxswr_,0.00038402457757296467
fadilajadeh_,0.00038402457757296467
mikeymantji,0.00038402457757296467
fadeleesss,0.00038402457757296467
fadelabdh_,0.00038402457757296467
creepersteve13,0.00038402457757296467
elprofessorr_,0.00038402457757296467
iyoureyestell,0.00038402457757296467
duckvies,0.00038402457757296467
dwiarts,0.00038402457757296467
dwiarti22,0.00038402457757296467
dwianjanihast,0.00038402457757296467
elisabetguwanto,0.00038402457757296467
dukunsanted,0.00038402457757296467
dudududuruddudu,0.00038402457757296467
duaperdua,0.00038402457757296467
ryvjinswag,0.00038402457757296467
nesruneos,0.00038402457757296467
dsweetpromises,0.00038402457757296467
drugity_,0.00038402457757296467
drowneast,0.00038402457757296467
serotoniyn,0.00038402457757296467
drimzie,0.00038402457757296467
elleriour,0.00038402457757296467
cactuls,0.00038402457757296467
caffeinewin,0.00038402457757296467
burlywoodie,0.00038402457757296467
gummst,0.00038402457757296467
cwangtip33,0.00038402457757296467
teresa_katarina,0.00038402457757296467
billstudyy,0.00038402457757296467
alverailee,0.00038402457757296467
byeohlogee_,0.00038402457757296467
ocxtober,0.00038402457757296467
catyow,0.00038402457757296467
bungatidurrr,0.00038402457757296467
bungaaftr,0.00038402457757296467
bumbushashaa,0.00038402457757296467
sunceaura,0.00038402457757296467
bumbubucin,0.00038402457757296467
bukanjinqorin,0.00038402457757296467
catsenja,0.00038402457757296467
cccloudyjeon,0.00038402457757296467
cal0npacarmuuu,0.00038402457757296467
claudeloey,0.00038402457757296467
caastudyy,0.00038402457757296467
cloud1xd,0.00038402457757296467
jonelis__,0.00038402457757296467
itssayeshaa_,0.00038402457757296467
clevereonjwin,0.00038402457757296467
cleolearn,0.00038402457757296467
geulisgurl,0.00038402457757296467
ccermide,0.00038402457757296467
clarvrisa,0.00038402457757296467
cjreamy,0.00038402457757296467
lalaloveyy__,0.00038402457757296467
citacitatercpai,0.00038402457757296467
cipastuds,0.00038402457757296467
cingkiya,0.00038402457757296467
bukan_siapa2moo,0.00038402457757296467
budimanyuman,0.00038402457757296467
simulasiku_id,0.00038402457757296467
camillaallif,0.00038402457757296467
premiumappbysay,0.00038402457757296467
kiciwsaurus,0.00038402457757296467
cactusoi,0.00038402457757296467
canrelatte,0.00038402457757296467
canisminorids,0.00038402457757296467
canduslowmotion,0.00038402457757296467
camabaugm22,0.00038402457757296467
budikur87744640,0.00038402457757296467
calonmaba111,0.00038402457757296467
callmettaaa,0.00038402457757296467
siifkkmk,0.00038402457757296467
callmeoty,0.00038402457757296467
taulusgerl,0.00038402457757296467
callmekelee,0.00038402457757296467
coeursea,0.00038402457757296467
borjuisociety,0.00038402457757296467
bosriyan,0.00038402457757296467
dygnit,0.00038402457757296467
boutfairy,0.00038402457757296467
reginallegra,0.00038402457757296467
thevirgogurl,0.00038402457757296467
yeyyzwiee,0.00038402457757296467
brrr0110,0.00038402457757296467
btcshsopps,0.00038402457757296467
bubleteah,0.00038402457757296467
akueflin,0.00038402457757296467
buburbayiracer,0.00038402457757296467
liaambis_xx,0.00038402457757296467
buciinbelajar,0.00038402457757296467
anak___gembala,0.00038402457757296467
bucinsungjin_,0.00038402457757296467
faazaaxx,0.00038402457757296467
shatrawberry,0.00038402457757296467
ambisliciouss,0.00038402457757296467
boncabeteri,0.00038402457757296467
didodiei,0.00038402457757296467
dhownzy,0.00038402457757296467
dhiapakeh,0.00038402457757296467
dewiles40958597,0.00038402457757296467
detavyx,0.00038402457757296467
destiactrr,0.00038402457757296467
bolpoinw,0.00038402457757296467
dindumps,0.00038402457757296467
bocilnihbos,0.00038402457757296467
ambisfebui2022,0.00038402457757296467
ambiezallday,0.00038402457757296467
amazinkkkppl,0.00038402457757296467
am0yie,0.00038402457757296467
am0licano,0.00038402457757296467
dimdamzz,0.00038402457757296467
dinginluplup,0.00038402457757296467
alyeolmae,0.00038402457757296467
rarambis,0.00038402457757296467
dooty1016,0.00038402457757296467
doodidaa,0.00038402457757296467
djx_dejuna,0.00038402457757296467
djunaxxy,0.00038402457757296467
mabngo,0.00038402457757296467
divlagibelajar,0.00038402457757296467
sobbingbcsoobin,0.00038402457757296467
dini82661,0.00038402457757296467
minewithmine,0.00038402457757296467
ditakim_,0.00038402457757296467
diritwit,0.00038402457757296467
moonwisherx_,0.00038402457757296467
deskiafp,0.00038402457757296467
dipmintae,0.00038402457757296467
jaeminnuaing,0.00038402457757296467
alyawkwkwk,0.00038402457757296467
evimrsh_,0.00038402457757296467
akbar__kun,0.00038402457757296467
akusyngdoraemon,0.00038402457757296467
cocooteee,0.00038402457757296467
akunyolot,0.00038402457757296467
akunperjuangani,0.00038402457757296467
akunnyaaca,0.00038402457757296467
pattraonite,0.00038402457757296467
ajustforanya,0.00038402457757296467
cherrykook16,0.00038402457757296467
makeuvilm,0.00038402457757296467
ajiaji032,0.00038402457757296467
ambisbesok,0.00038402457757296467
ambiskuu,0.00038402457757296467
hmzhfzn,0.00038402457757296467
bocilmakji,0.00038402457757296467
purpleuvy,0.00038402457757296467
vychologist,0.00038402457757296467
afaqihaa_,0.00038402457757296467
allyaazara,0.00038402457757296467
stekzzkzkzk,0.00038402457757296467
iwuffyouuuuu,0.00038402457757296467
babyavocuddle,0.00038402457757296467
alvernim,0.00038402457757296467
richslacker,0.00038402457757296467
hallaaah,0.00038402457757296467
alluireme,0.00038402457757296467
akuuuuuuily,0.00038402457757296467
brwniesz,0.00038402457757296467
alletsacc,0.00038402457757296467
luckeenreech,0.00038402457757296467
kalkulus1a,0.00038402457757296467
alfanda_14,0.00038402457757296467
dowoonderfull,0.00038402457757296467
doounnn_,0.00038402457757296467
rintdou,0.00038402457757296467
downytigarasa,0.00038402457757296467
deasanasya,0.00038402457757296467
doyoungkim_10,0.00038402457757296467
chitaglorya,0.00038402457757296467
doyoane,0.00038402457757296467
fulixlee,0.00038402457757296467
deellyyn_,0.00038402457757296467
dedeuk,0.00038402457757296467
deact1ve,0.00038402457757296467
emnggr,0.00038402457757296467
ddoraex,0.00038402457757296467
gsukaayamgoreng,0.00038402457757296467
momotanwelo,0.00038402457757296467
chercheeri,0.00038402457757296467
dayxu8_,0.00038402457757296467
bffhae,0.00038402457757296467
dreamislie_,0.00038402457757296467
tryingmabestt,0.00038402457757296467
pcychnyeoll,0.00038402457757296467
etherealhc_,0.00038402457757296467
everywwon_woo,0.00038402457757296467
everyone_wooooo,0.00038402457757296467
euvoria_,0.00038402457757296467
eunsang_pikri,0.00038402457757296467
viraanih,0.00038402457757296467
nytrika,0.00038402457757296467
glossiebubs,0.00038402457757296467
enginestud,0.00038402457757296467
est_studacc,0.00038402457757296467
esbobataro,0.00038402457757296467
erikasalsabl,0.00038402457757296467
itsyogirlsjaoe,0.00038402457757296467
ereszone,0.00038402457757296467
equinoxeros,0.00038402457757296467
daveesjar,0.00038402457757296467
dat00slove,0.00038402457757296467
kerelllen,0.00038402457757296467
definitelybila,0.00038402457757296467
cruuciio,0.00038402457757296467
crustaceaee,0.00038402457757296467
crmlcrushh,0.00038402457757296467
crlstudy,0.00038402457757296467
crit_effect,0.00038402457757296467
_pixlsugr,0.00038402457757296467
caramelleah,0.00038402457757296467
darqolate,0.00038402457757296467
delapus11539704,0.00038402457757296467
deluziee,0.00038402457757296467
xxnabilaaz,0.00038402457757296467
distracsi,0.00038402457757296467
doyiieekim,0.00038402457757296467
doychanna,0.00038402457757296467
ooreki_,0.00038402457757296467
crynindenyt,0.00038402457757296467
crystaliese,0.00038402457757296467
andalasfess,0.00038402457757296467
cucudokja,0.00038402457757296467
culameetan,0.00038402457757296467
cutieb00n,0.00038402457757296467
cvpscake,0.00038402457757296467
kookstillbby,0.00038402457757296467
nuancesize,0.00038402457757296467
haechanprivate,0.00038402457757296467
dailyxhitpost,0.00038402457757296467
dankematian,0.00038402457757296467
dansedansee,0.00038402457757296467
flyingkucing,0.00038402457757296467
darknessfourr,0.00038402457757296467
lovestozad,0.00038402457757296467
mjskud,0.00038402457757296467
jjhnayy,0.00038402457757296467
mseoia,0.00038402457757296467
fluffyyriki,0.00038402457757296467
fogbround,0.00038402457757296467
flyngmoon1,0.00038402457757296467
flymejk,0.00038402457757296467
kaciwparuy,0.00038402457757296467
flurrybabykim,0.00038402457757296467
salsblx,0.00038402457757296467
fluffyflurri,0.00038402457757296467
ganesauroraa,0.00038402457757296467
neospasie,0.00038402457757296467
flssfp,0.00038402457757296467
floreaaa_ft,0.00038402457757296467
floo_shr,0.00038402457757296467
its_me_yayaa,0.00038402457757296467
fllwlees,0.00038402457757296467
fordreamiess,0.00038402457757296467
gangamata_,0.00038402457757296467
fixzyuu,0.00038402457757296467
chwlejisngy,0.00038402457757296467
gyruscinguli_,0.00038402457757296467
gyehunssi,0.00038402457757296467
eunhwilo,0.00038402457757296467
gutkkie,0.00038402457757296467
clarissajournal,0.00038402457757296467
guojiia,0.00038402457757296467
guniepie,0.00038402457757296467
gapaidreams,0.00038402457757296467
jumclal,0.00038402457757296467
guepemilikakun,0.00038402457757296467
gtwsypp,0.00038402457757296467
growflyy,0.00038402457757296467
grooverko_,0.00038402457757296467
gapyear21,0.00038402457757296467
fiyyrlsst,0.00038402457757296467
fitraygaksih,0.00038402457757296467
fujoshijati,0.00038402457757296467
gamissorban,0.00038402457757296467
akunambis21,0.00038402457757296467
gitasnowy,0.00038402457757296467
taufiqr823,0.00038402457757296467
fuwajournal,0.00038402457757296467
airmelon_,0.00038402457757296467
ganeetavv,0.00038402457757296467
galvanicells,0.00038402457757296467
maurienau,0.00038402457757296467
gadis_azalia,0.00038402457757296467
gadinn_,0.00038402457757296467
gabolehgagal,0.00038402457757296467
piikiiuu,0.00038402457757296467
histologzy,0.00038402457757296467
fylaworld,0.00038402457757296467
fathanfariza,0.00038402457757296467
fattiebelly,0.00038402457757296467
fidwinaxx,0.00038402457757296467
feelingpurplee,0.00038402457757296467
emangcuek,0.00038402457757296467
fenori_,0.00038402457757296467
strawberiessky,0.00038402457757296467
feniifs,0.00038402457757296467
aangleaw,0.00038402457757296467
femkezhi,0.00038402457757296467
feeldone999,0.00038402457757296467
gumbearie,0.00038402457757296467
pockyaddictttt,0.00038402457757296467
feeeysa,0.00038402457757296467
fckinshtsboi,0.00038402457757296467
fckinloveyou,0.00038402457757296467
faziafc,0.00038402457757296467
fauntalism,0.00038402457757296467
ttttaacaa,0.00038402457757296467
h4dn1,0.00038402457757296467
habbitsread,0.00038402457757296467
sebut_aja_orang,0.00038402457757296467
ambisvinn,0.00038402457757296467
glitterjk_,0.00038402457757296467
gliserole,0.00038402457757296467
glinteayeah,0.00038402457757296467
glazeud,0.00038402457757296467
jinwooeyesmile,0.00038402457757296467
gladlynaya,0.00038402457757296467
gngrii_,0.00038402457757296467
vaquola,0.00038402457757296467
gksward23,0.00038402457757296467
navielbloom,0.00038402457757296467
gkprnhmnggvaway,0.00038402457757296467
gjlsyudah,0.00038402457757296467
gitarisbonjovi,0.00038402457757296467
glxysea,0.00038402457757296467
godblesssmee,0.00038402457757296467
patriciashaniaa,0.00038402457757296467
koranpagiii,0.00038402457757296467
bakpiaww,0.00038402457757296467
kstoedy,0.00038402457757296467
fairiemind,0.00038402457757296467
kryangkedua,0.00038402457757296467
kritstal,0.00038402457757296467
annarukami,0.00038402457757296467
komikusmales,0.00038402457757296467
googiebulet,0.00038402457757296467
imndinn,0.00038402457757296467
dripmonger,0.00038402457757296467
jeonsooheej,0.00038402457757296467
greenteahazelnt,0.00038402457757296467
gracefulei,0.00038402457757296467
aternusty,0.00038402457757296467
aquayan_,0.00038402457757296467
gitaputriastari,0.00038402457757296467
gimmethestars,0.00038402457757296467
haiiwaizumi,0.00038402457757296467
hallooodenne,0.00038402457757296467
halloakuester,0.00038402457757296467
sal_xzn,0.00038402457757296467
hajwjwje12,0.00038402457757296467
hajaengwoo,0.00038402457757296467
haitsde,0.00038402457757296467
haevchanii,0.00038402457757296467
gfhaechan_,0.00038402457757296467
txtdarihunter,0.00038402457757296467
haejwani,0.00038402457757296467
haedonggeuri,0.00038402457757296467
nezthetic,0.00038402457757296467
haechan6600_,0.00038402457757296467
hadeuh47934950,0.00038402457757296467
ambisintenyukk,0.00038402457757296467
greymacaroon,0.00038402457757296467
imeydaaa,0.00038402457757296467
hneeep,0.00038402457757296467
gresnolimit,0.00038402457757296467
rachappy_,0.00038402457757296467
grecszeb,0.00038402457757296467
garistanpabawah,0.00038402457757296467
ordinatabsis,0.00038402457757296467
gausahtauuuuuuu,0.00038402457757296467
gbrl_pm,0.00038402457757296467
geezmarklee,0.00038402457757296467
geezrekk,0.00038402457757296467
gembilgembulcom,0.00038402457757296467
gemblengjaja,0.00038402457757296467
gemoihaechan,0.00038402457757296467
geprekimpor,0.00038402457757296467
fvckmaths,0.00038402457757296467
forsilkstar,0.00038402457757296467
genshinlokal,0.00038402457757296467
hayukyass,0.00038402457757296467
heksadiena,0.00038402457757296467
heepnoticc,0.00038402457757296467
heaveniki,0.00038402457757296467
hee_3000,0.00038402457757296467
hechanbni,0.00038402457757296467
heartlinecity,0.00038402457757296467
deyngambis,0.00038402457757296467
helloelf_,0.00038402457757296467
hayitanis,0.00038402457757296467
haurucastle,0.00038402457757296467
hataraca,0.00038402457757296467
gistudees,0.00038402457757296467
haruvairy,0.00038402457757296467
haruhachiko,0.00038402457757296467
hellianthusal,0.00038402457757296467
rraflid,0.00038402457757296467
harmouren,0.00038402457757296467
fkmsoon,0.00038402457757296467
i_washuman,0.00038402457757296467
hyejesaaa,0.00038402457757296467
huggybearys,0.00038402457757296467
huffleloves,0.00038402457757296467
i2jongu,0.00038402457757296467
hangtyass,0.00038402457757296467
hiiksoona,0.00038402457757296467
helmiakbars,0.00038402457757296467
hii_ishxyyy,0.00038402457757296467
hi_andrii,0.00038402457757296467
heyhohii,0.00038402457757296467
hermonieaddict,0.00038402457757296467
hemistudy,0.00038402457757296467
kk4mjong,0.00038402457757296467
harugracee,0.00038402457757296467
haqueensa,0.00038402457757296467
ftrr_yy,0.00038402457757296467
hisammula,0.00038402457757296467
denmanly,0.00038402457757296467
hobimakancanai,0.00038402457757296467
hngrenjun__,0.00038402457757296467
tkmwe2wkcbytzlv,0.00038402457757296467
flowwlinn,0.00038402457757296467
hisspiyaya,0.00038402457757296467
hiresapps,0.00038402457757296467
honeyberryys,0.00038402457757296467
hiraahero,0.00038402457757296467
hipokritx,0.00038402457757296467
hinumaaa,0.00038402457757296467
hilmiluthfi_,0.00038402457757296467
flammable__,0.00038402457757296467
zxcvopw,0.00038402457757296467
hoezxvirgo,0.00038402457757296467
honeycityx,0.00038402457757296467
balbalapasi,0.00038402457757296467
juyeoqn,0.00038402457757296467
hapxbogummy,0.00038402457757296467
rafiabdulaziz_,0.00038402457757296467
hapekegigit,0.00038402457757296467
hanqyulgf,0.00038402457757296467
hanjisss,0.00038402457757296467
hanifa_ep,0.00038402457757296467
leejuyneo,0.00038402457757296467
airplaneboost9,0.00038402457757296467
soojain,0.00038402457757296467
cnswoo,0.00038402457757296467
classicaall,0.00038402457757296467
caxbin,0.00038402457757296467
busifess,0.00038402457757296467
ambis_yukkk32,0.00038402457757296467
iamfishtime,0.00038402457757296467
iamthelit_,0.00038402457757296467
ericxtbz,0.00038402457757296467
sarprogress,0.00038402457757296467
dinges_zenius,0.00038402457757296467
jzzxlyn,0.00038402457757296467
hoshucark,0.00038402457757296467
your2rl,0.00038402457757296467
swooryx,0.00038402457757296467
suholee1111,0.00038402457757296467
renjungopay,0.00038402457757296467
hourmoonrn,0.00038402457757296467
oemjiasca,0.00038402457757296467
nomineuy,0.00038402457757296467
mayierreen,0.00038402457757296467
marsstdy,0.00038402457757296467
liviamaubelajar,0.00038402457757296467
larismanies,0.00038402457757296467
hotshinramyeon,0.00038402457757296467
httpstudie,0.00038402457757296467
ibobm,0.00038402457757296467
caramelleizz,0.00038402457757296467
taeyongsfle,0.00038402457757296467
aziastudy,0.00038402457757296467
avocadojaneshi_,0.00038402457757296467
fru1tty,0.00038402457757296467
frizzzzy,0.00038402457757296467
pinginpunyaduit,0.00038402457757296467
frenchchuba,0.00038402457757296467
hanabpu,0.00038402457757296467
lananiole,0.00038402457757296467
fredrickbinsar,0.00038402457757296467
frecklixxx,0.00038402457757296467
fortunegoogiez,0.00038402457757296467
han_1627,0.00038402457757296467
kyaaact,0.00038402457757296467
kwrdus,0.00038402457757296467
jeanartss,0.00038402457757296467
jcxyle,0.00038402457757296467
ayurls,0.00038402457757296467
ignaciamelvina,0.00038402457757296467
erpan1827,0.00038402457757296467
igiboyeahh,0.00038402457757296467
icykeei,0.00038402457757296467
nishin0yayu,0.00038402457757296467
huffgryff,0.00038402457757296467
ichinisanvier,0.00038402457757296467
houseskies,0.00038402457757296467
iceamericaan0,0.00038402457757296467
youthaddict48,0.00038402457757296467
ice_elzzaa,0.00038402457757296467
iunaticofeliz,0.00038402457757296467
icannn___,0.00038402457757296467
shabrinafg__,0.00038402457757296467
iightmiles,0.00038402457757296467
iirreplaceabl3,0.00038402457757296467
elucuu,0.00038402457757296467
ikannncupang,0.00038402457757296467
ikarahmawati___,0.00038402457757296467
ilhinsibibiybiy,0.00038402457757296467
gabriux1,0.00038402457757296467
kidcozygirlz,0.00038402457757296467
iluvvstrawberry,0.00038402457757296467
rantnyarara,0.00038402457757296467
ilvlayan,0.00038402457757296467
dinaraw4,0.00038402457757296467
ilynjdo,0.00038402457757296467
imdoinothing,0.00038402457757296467
igiboyaaah,0.00038402457757296467
hramadaaan,0.00038402457757296467
howboutcins,0.00038402457757296467
kuacipilihan,0.00038402457757296467
kudaranay,0.00038402457757296467
jollymarkjaem,0.00038402457757296467
angspa,0.00038402457757296467
inisyanaa,0.00038402457757296467
inisambataqis,0.00038402457757296467
bbkjhy,0.00038402457757296467
iniprastyi,0.00038402457757296467
inikayeshaa,0.00038402457757296467
iniakunaje,0.00038402457757296467
ineedywoody,0.00038402457757296467
insdomie,0.00038402457757296467
indsane96,0.00038402457757296467
supermari00_,0.00038402457757296467
indrastunatu,0.00038402457757296467
indosatoshi,0.00038402457757296467
indomiejpg,0.00038402457757296467
indhrmdhnti,0.00038402457757296467
cocoaaddict01,0.00038402457757296467
insyaallahambis,0.00038402457757296467
jihanpratikaaa,0.00038402457757296467
itsaeril,0.00038402457757296467
jenmarkcart,0.00038402457757296467
jeongyunoaddict,0.00038402457757296467
itsphysics_,0.00038402457757296467
itsjssiidh,0.00038402457757296467
itsjenarin,0.00038402457757296467
itsfalana_,0.00038402457757296467
istrikmdirumah,0.00038402457757296467
inumakitogel,0.00038402457757296467
isno_prplee,0.00038402457757296467
isnaeni_alya,0.00038402457757296467
utbkuy1,0.00038402457757296467
irdaeliana,0.00038402457757296467
an0therplace7,0.00038402457757296467
ipuung9,0.00038402457757296467
incesea,0.00038402457757296467
imyour_drum,0.00038402457757296467
itzyforitzy,0.00038402457757296467
treasuremenfess,0.00038402457757296467
jasminegetstud,0.00038402457757296467
jasmieennn,0.00038402457757296467
jakqesim,0.00038402457757296467
jagathraya,0.00038402457757296467
jaeuniiverse,0.00038402457757296467
jaemysunshine,0.00038402457757296467
malkiesty,0.00038402457757296467
jaywonns,0.00038402457757296467
iwiclmy,0.00038402457757296467
ivbluesky,0.00038402457757296467
urmarkly,0.00038402457757296467
iuwacth,0.00038402457757296467
iucreciamh,0.00038402457757296467
itzyjuliia,0.00038402457757296467
jjwonpark,0.00038402457757296467
yeseoie,0.00038402457757296467
itswinz,0.00038402457757296467
galliardapaapa,0.00038402457757296467
parktaee_,0.00038402457757296467
itszaambis,0.00038402457757296467
jenggalafana,0.00038402457757296467
teenagedimplezx,0.00038402457757296467
jelllyybin_,0.00038402457757296467
jelazkrana,0.00038402457757296467
jekeywin,0.00038402457757296467
jbunhyeok,0.00038402457757296467
jejeletoy,0.00038402457757296467
ariesstudies,0.00038402457757296467
nakskarunggoni,0.00038402457757296467
jehermione,0.00038402457757296467
jdsmee23,0.00038402457757296467
jcoodonut,0.00038402457757296467
jennietwin,0.00038402457757296467
junjunhug,0.00038402457757296467
bedakbaby_,0.00038402457757296467
sppacg,0.00038402457757296467
jiebutterflies,0.00038402457757296467
thingaboutsa,0.00038402457757296467
jidatkaoru,0.00038402457757296467
jichanxm,0.00038402457757296467
amilyakautsar,0.00038402457757296467
jessiediary_,0.00038402457757296467
jesjeurs,0.00038402457757296467
areajulid,0.00038402457757296467
jeramimemanggil,0.00038402457757296467
iiidih,0.00038402457757296467
jenojohayo,0.00038402457757296467
amiktheavocado,0.00038402457757296467
kerjarhodey,0.00038402457757296467
yourcrush_babe,0.00038402457757296467
scftsmiley__,0.00038402457757296467
jijuljujil,0.00038402457757296467
junnidette,0.00038402457757296467
jjkslof,0.00038402457757296467
kinderrry,0.00038402457757296467
joereoo,0.00038402457757296467
jlopeu,0.00038402457757296467
markiet__t,0.00038402457757296467
jjwimim,0.00038402457757296467
eazypol,0.00038402457757296467
cloudissie,0.00038402457757296467
jikook_coty,0.00038402457757296467
jjapchaee,0.00038402457757296467
jjaooi,0.00038402457757296467
jiwoonstudy,0.00038402457757296467
jjeonsbae_,0.00038402457757296467
jinnymine,0.00038402457757296467
ndess_5,0.00038402457757296467
beianjafess,0.00038402457757296467
kenmaniichan,0.00038402457757296467
kenapagitudeh,0.00038402457757296467
k_wono1,0.00038402457757296467
kangambisd,0.00038402457757296467
kamobelajar,0.00038402457757296467
kaleiea,0.00038402457757296467
laravonne,0.00038402457757296467
kadalbuntunc,0.00038402457757296467
ilhmtqn,0.00038402457757296467
k4naworld,0.00038402457757296467
iamgoodg1rl,0.00038402457757296467
primizzyy,0.00038402457757296467
justnormalgurll,0.00038402457757296467
rohaehaa,0.00038402457757296467
justclaiee2,0.00038402457757296467
kookiesnminily,0.00038402457757296467
justcallmena_,0.00038402457757296467
karyacemas32,0.00038402457757296467
katakmengeong,0.00038402457757296467
meanie614,0.00038402457757296467
kayibek,0.00038402457757296467
biologyzyx,0.00038402457757296467
kceshi,0.00038402457757296467
kcokomi,0.00038402457757296467
kdknandasanjaya,0.00038402457757296467
scalliyn,0.00038402457757296467
naxxyra,0.00038402457757296467
ke127an,0.00038402457757296467
kecoayeppo,0.00038402457757296467
kedelaiiii,0.00038402457757296467
keihju,0.00038402457757296467
mandaredvlvt,0.00038402457757296467
kejuloml,0.00038402457757296467
kekapasii,0.00038402457757296467
froum_youngk,0.00038402457757296467
itzmintzly,0.00038402457757296467
kukukunae,0.00038402457757296467
kimcheeesy,0.00038402457757296467
ikimlp,0.00038402457757296467
kimjuncotton_o,0.00038402457757296467
amnbisius,0.00038402457757296467
kimgayooo,0.00038402457757296467
seenteaaa,0.00038402457757296467
kimdoieily,0.00038402457757296467
kimbumlaw,0.00038402457757296467
kimsojungxne,0.00038402457757296467
kidranggi,0.00038402457757296467
khonsanailahr,0.00038402457757296467
khongguanmerah,0.00038402457757296467
khoirunisaazrr,0.00038402457757296467
kharmelllya,0.00038402457757296467
alreadyxync,0.00038402457757296467
kimniseo,0.00038402457757296467
twitims,0.00038402457757296467
khaistudy,0.00038402457757296467
lanzhhan,0.00038402457757296467
loeychinguuuuu,0.00038402457757296467
callafleurs,0.00038402457757296467
faintedrain,0.00038402457757296467
samarsekali,0.00038402457757296467
lavalafyu,0.00038402457757296467
lasfridaynightt,0.00038402457757296467
lancarluncurr,0.00038402457757296467
kimtaejin31,0.00038402457757296467
kistude,0.00038402457757296467
writepng,0.00038402457757296467
kirapiee,0.00038402457757296467
saturddate,0.00038402457757296467
kindwly,0.00038402457757296467
kinanttan,0.00038402457757296467
jbjie,0.00038402457757296467
tamakisse,0.00038402457757296467
banjavenue,0.00038402457757296467
nadhputrii,0.00038402457757296467
lacibollalaa,0.00038402457757296467
l0vchemist,0.00038402457757296467
chocooxz,0.00038402457757296467
kyuutiies,0.00038402457757296467
kyungbunnyy,0.00038402457757296467
kyralacs,0.00038402457757296467
kylielipaann,0.00038402457757296467
lagbitch,0.00038402457757296467
ky0dxpcc,0.00038402457757296467
alscheift,0.00038402457757296467
klandastine,0.00038402457757296467
kuyangexpress,0.00038402457757296467
kusukaleejeno,0.00038402457757296467
kuntoanjrit,0.00038402457757296467
ladadidaladida1,0.00038402457757296467
peoasus,0.00038402457757296467
khadjhz,0.00038402457757296467
kittokatsuuu,0.00038402457757296467
sgrjjsbdakka,0.00038402457757296467
farambiss,0.00038402457757296467
dyieren,0.00038402457757296467
adndnrd,0.00038402457757296467
keutychia,0.00038402457757296467
kittenbud,0.00038402457757296467
kittychart,0.00038402457757296467
notbeautybutidc,0.00038402457757296467
ingenuze,0.00038402457757296467
kyaawan_,0.00038402457757296467
lalastudyy,0.00038402457757296467
lalamayla_,0.00038402457757296467
lakoneaku,0.00038402457757296467
allhailtakashi,0.00038402457757296467
loeydude,0.00038402457757296467
fleurlvyn,0.00038402457757296467
loeys00,0.00038402457757296467
cochoreo,0.00038402457757296467
arulertx,0.00038402457757296467
lifrief,0.00038402457757296467
libr4tz,0.00038402457757296467
tragific,0.00038402457757296467
leviheijo,0.00038402457757296467
letsgooougm,0.00038402457757296467
letminolino,0.00038402457757296467
numayyyyyy,0.00038402457757296467
leohyuck,0.00038402457757296467
legingmanohara,0.00038402457757296467
leelovemark,0.00038402457757296467
leaveff,0.00038402457757296467
lampungbase,0.00038402457757296467
learnisfun_,0.00038402457757296467
asteroid524,0.00038402457757296467
alohaguize,0.00038402457757296467
ratoostudy,0.00038402457757296467
nunanyawoojin,0.00038402457757296467
keqingcult,0.00038402457757296467
tarodikulkas,0.00038402457757296467
kertaswangsit,0.00038402457757296467
iceeblue_,0.00038402457757296467
farihmuwaffaq,0.00038402457757296467
liyoen_,0.00038402457757296467
livsaja,0.00038402457757296467
liltrasshy,0.00038402457757296467
listiatan,0.00038402457757296467
jedd0ngie,0.00038402457757296467
laperdh,0.00038402457757296467
lisacaper,0.00038402457757296467
zafranalts,0.00038402457757296467
lionhazelj,0.00038402457757296467
cavendishclark,0.00038402457757296467
learnforlifee,0.00038402457757296467
laylimsrh,0.00038402457757296467
ltaembrace,0.00038402457757296467
xxeurekaa,0.00038402457757296467
luckvoita,0.00038402457757296467
lucaisya,0.00038402457757296467
lenharuuu,0.00038402457757296467
ltyruby,0.00038402457757296467
jonginidoie,0.00038402457757296467
mewchanics,0.00038402457757296467
anadisana,0.00038402457757296467
lovelysa19,0.00038402457757296467
nnaanaj,0.00038402457757296467
loucashton28,0.00038402457757296467
lopyumath,0.00038402457757296467
diiyourbae_,0.00038402457757296467
loiddholpinle,0.00038402457757296467
lucutehere,0.00038402457757296467
lushlovstyles,0.00038402457757296467
luthfeeyaz,0.00038402457757296467
luvieaes,0.00038402457757296467
luvvuuuuu,0.00038402457757296467
laladanella,0.00038402457757296467
luwakarabika,0.00038402457757296467
dah____________,0.00038402457757296467
lvckicst,0.00038402457757296467
qwertyaowk,0.00038402457757296467
kes_stud,0.00038402457757296467
0rangsuccess,0.00038402457757296467
lizzienoire,0.00038402457757296467
gxjeias,0.00038402457757296467
lavendercrushed,0.00038402457757296467
apatisx,0.00038402457757296467
iridoriscent,0.00038402457757296467
cloudishlly,0.00038402457757296467
desieeci,0.00038402457757296467
chendellion,0.00038402457757296467
sadneusss,0.00038402457757296467
oocomfortzone,0.00038402457757296467
cathions,0.00038402457757296467
nrossiee,0.00038402457757296467
studywithgee,0.00038402457757296467
sharereall,0.00038402457757296467
txtgetsunova,0.00038402457757296467
nisamabaundip,0.00038402457757296467
orchidzyone,0.00038402457757296467
kimjonunh,0.00038402457757296467
nfifah23,0.00038402457757296467
fizzyflanks,0.00038402457757296467
medsstud,0.00038402457757296467
nextarrcokelat,0.00038402457757296467
marimegammy,0.00038402457757296467
chaeraelk,0.00038402457757296467
orchxid,0.00038402457757296467
markcitygurl,0.00038402457757296467
orimkhoirul23,0.00038402457757296467
yoonjaehyukz,0.00038402457757296467
otsukarenasama,0.00038402457757296467
_alphaif,0.00038402457757296467
oseanight,0.00038402457757296467
orionbeltgirl,0.00038402457757296467
ftttsugaaa,0.00038402457757296467
orgsm95,0.00038402457757296467
mbawangg,0.00038402457757296467
ceritadarimalam,0.00038402457757296467
orgrendahan,0.00038402457757296467
divaalfiah,0.00038402457757296467
marsupilalami,0.00038402457757296467
keeylaaaaaaaaaa,0.00038402457757296467
kamusiapayak,0.00038402457757296467
meim99_,0.00038402457757296467
mejikuhibinniu,0.00038402457757296467
moaarmymidzyy,0.00038402457757296467
haru_010410,0.00038402457757296467
naufalaal_,0.00038402457757296467
ningznin,0.00038402457757296467
njunnnana,0.00038402457757296467
lucynaomii,0.00038402457757296467
mcflurrybubble,0.00038402457757296467
medeeiia,0.00038402457757296467
me0wsh,0.00038402457757296467
meliyetik,0.00038402457757296467
noviceartistt,0.00038402457757296467
_clairdxlunx,0.00038402457757296467
nouvieiies,0.00038402457757296467
probablydaisyb,0.00038402457757296467
notyourexxx_,0.00038402457757296467
hijustcallwawa,0.00038402457757296467
clobe,0.00038402457757296467
nawasenaa,0.00038402457757296467
xxshineyz,0.00038402457757296467
maribertemanptn,0.00038402457757296467
mekdiiioreo,0.00038402457757296467
neverasktoborn,0.00038402457757296467
neupuz,0.00038402457757296467
netaijal,0.00038402457757296467
nyonkrg,0.00038402457757296467
nestleysya,0.00038402457757296467
nelladrs,0.00038402457757296467
ssrmao,0.00038402457757296467
nelheeyoung,0.00038402457757296467
novpdd,0.00038402457757296467
ndnrilha,0.00038402457757296467
ndhrbt1,0.00038402457757296467
ndatawlah,0.00038402457757296467
melancholycurse,0.00038402457757296467
ourtattoos,0.00038402457757296467
vhezzzz,0.00038402457757296467
owlinlovewithu,0.00038402457757296467
dojeumin,0.00038402457757296467
ominotme,0.00038402457757296467
azharfahd,0.00038402457757296467
oligarkei,0.00038402457757296467
okgurlzs,0.00038402457757296467
petzoldzzz,0.00038402457757296467
kiddieasha,0.00038402457757296467
oikawakiw,0.00038402457757296467
thinsmilemuahh,0.00038402457757296467
takze,0.00038402457757296467
ohmyicedtea,0.00038402457757296467
may0naizee,0.00038402457757296467
natiapermanaa,0.00038402457757296467
odlaassir,0.00038402457757296467
menfesssyg,0.00038402457757296467
mbislie,0.00038402457757296467
onoff_m,0.00038402457757296467
akugemeus,0.00038402457757296467
jeruksambat,0.00038402457757296467
mmeillen,0.00038402457757296467
mlieat,0.00038402457757296467
mituuw,0.00038402457757296467
perempuanmuuuu,0.00038402457757296467
pdistira3,0.00038402457757296467
loutmlins,0.00038402457757296467
natastasya,0.00038402457757296467
ryyuje,0.00038402457757296467
renaointu,0.00038402457757296467
ohnomerlin,0.00038402457757296467
seporsimieayam,0.00038402457757296467
idextratime,0.00038402457757296467
permisipaket_,0.00038402457757296467
onthewayhere,0.00038402457757296467
ocayaaaa,0.00038402457757296467
o0crash9,0.00038402457757296467
hynskch,0.00038402457757296467
waitefah,0.00038402457757296467
hannadd__,0.00038402457757296467
pjmrawrr,0.00038402457757296467
rekonict,0.00038402457757296467
midheavenn_,0.00038402457757296467
aruufilpe,0.00038402457757296467
pallzahf,0.00038402457757296467
padukachanyeol,0.00038402457757296467
nyobaproduktip,0.00038402457757296467
pachilleui,0.00038402457757296467
pacarnyarya,0.00038402457757296467
pacarhaliday,0.00038402457757296467
oxnjxbc,0.00038402457757296467
alestudiey,0.00038402457757296467
mbananamal,0.00038402457757296467
mbibibis,0.00038402457757296467
ketekalien,0.00038402457757296467
onyourmidd,0.00038402457757296467
piztachious,0.00038402457757296467
sasambisptn,0.00038402457757296467
ntashiye,0.00038402457757296467
mcflurrries,0.00038402457757296467
afas64002521,0.00038402457757296467
kamoomile,0.00038402457757296467
abcdheyaa,0.00038402457757296467
nurjannahhanum,0.00038402457757296467
katdaal,0.00038402457757296467
nuvantaraa,0.00038402457757296467
ailofmalyfe,0.00038402457757296467
nyeondy,0.00038402457757296467
kowhsi,0.00038402457757296467
pfmbahagia,0.00038402457757296467
notiogic,0.00038402457757296467
meanwhild,0.00038402457757296467
notconnectioonn,0.00038402457757296467
fluffykaia,0.00038402457757296467
ptnhunter22,0.00038402457757296467
xezens,0.00038402457757296467
xeexawxeenx,0.00038402457757296467
xayizee,0.00038402457757296467
xaracryst,0.00038402457757296467
x1xiboba,0.00038402457757296467
wtfjaktim,0.00038402457757296467
xiuwany,0.00038402457757296467
highekspektasi,0.00038402457757296467
worldqar,0.00038402457757296467
wooseoj,0.00038402457757296467
hangyuf,0.00038402457757296467
wonyourbae,0.00038402457757296467
buangrasamaless,0.00038402457757296467
xiaaau,0.00038402457757296467
pandaiimenangis,0.00038402457757296467
widodotesla,0.00038402457757296467
xrackedaccount,0.00038402457757296467
mylktae,0.00038402457757296467
xsoarcist,0.00038402457757296467
wintermiif,0.00038402457757296467
icutiejaemin,0.00038402457757296467
xryqzaa,0.00038402457757296467
xrrava,0.00038402457757296467
xoxo22happiest,0.00038402457757296467
xkeyzia,0.00038402457757296467
ynrlj08,0.00038402457757296467
xo_fa_xo,0.00038402457757296467
xnysaz,0.00038402457757296467
xmnallzee,0.00038402457757296467
psikolofi,0.00038402457757296467
xkylz_dll,0.00038402457757296467
y00nddablue,0.00038402457757296467
antarsayapulang,0.00038402457757296467
wonkecii,0.00038402457757296467
uknwmeright,0.00038402457757296467
pulchraeaaxxi,0.00038402457757296467
uncpsiar,0.00038402457757296467
jihanfavs,0.00038402457757296467
unavailable6661,0.00038402457757296467
undipmenfess,0.00038402457757296467
ulululluu,0.00038402457757296467
ugmduadua,0.00038402457757296467
yujsoob,0.00038402457757296467
esra81787871,0.00038402457757296467
ucancallmeyunn,0.00038402457757296467
ucaaaaay,0.00038402457757296467
puri_nim,0.00038402457757296467
napakotel,0.00038402457757296467
kittenflawu,0.00038402457757296467
unnoticezen,0.00038402457757296467
cayendoj,0.00038402457757296467
uranyus,0.00038402457757296467
urbebl0uffee,0.00038402457757296467
urfavshuman,0.00038402457757296467
urheartbreakx,0.00038402457757296467
serotoninstud,0.00038402457757296467
pudanmenawan,0.00038402457757296467
struggle9belas,0.00038402457757296467
wintervkooo,0.00038402457757296467
winztersoldier,0.00038402457757296467
asyllib,0.00038402457757296467
wjyd_22,0.00038402457757296467
cloudy_vread,0.00038402457757296467
wntrrgrdn_,0.00038402457757296467
hermbione,0.00038402457757296467
woncevs,0.00038402457757296467
wiiiskes,0.00038402457757296467
tegarrm11,0.00038402457757296467
mebeingmeitsme,0.00038402457757296467
dhea_zenius,0.00038402457757296467
imnayeonmygirl,0.00038402457757296467
nnismal,0.00038402457757296467
wmhendra_,0.00038402457757296467
nnajaeminiest,0.00038402457757296467
shijakbuteodaa,0.00038402457757296467
nkcthi___,0.00038402457757296467
sadboy1410,0.00038402457757296467
propadti,0.00038402457757296467
thisbluemarie,0.00038402457757296467
09yjm,0.00038402457757296467
pekalonganfess,0.00038402457757296467
wierdify,0.00038402457757296467
whociamesia,0.00038402457757296467
who_realizes,0.00038402457757296467
nnjaemi,0.00038402457757296467
nobaramyeon,0.00038402457757296467
mariasoffie_,0.00038402457757296467
canstuy,0.00038402457757296467
vaniaaaambis,0.00038402457757296467
nore2dx,0.00038402457757296467
rooooollllll,0.00038402457757296467
o97pride,0.00038402457757296467
snowgumzzz,0.00038402457757296467
nakaivvy,0.00038402457757296467
nonakimry,0.00038402457757296467
jolovesji,0.00038402457757296467
profanous,0.00038402457757296467
nolivepeople,0.00038402457757296467
noecharm,0.00038402457757296467
nochtrnl,0.00038402457757296467
munfess,0.00038402457757296467
nobeeta_,0.00038402457757296467
whish3s,0.00038402457757296467
wheeinnnnn,0.00038402457757296467
straykdzchan,0.00038402457757296467
psichalogy,0.00038402457757296467
waeenyoeell,0.00038402457757296467
w0zzteria,0.00038402457757296467
voile27,0.00038402457757296467
voievode01,0.00038402457757296467
sahabatbrainly,0.00038402457757296467
vivielawantii,0.00038402457757296467
jehianps,0.00038402457757296467
wedeliastudy,0.00038402457757296467
visentiaiko,0.00038402457757296467
mondmaadchen_,0.00038402457757296467
vinmoriarty,0.00038402457757296467
vimard_,0.00038402457757296467
ossocleo,0.00038402457757296467
vickzz14,0.00038402457757296467
wajibngambisbgt,0.00038402457757296467
sanzupaws,0.00038402457757296467
wakasacult,0.00038402457757296467
myboyfriendkth,0.00038402457757296467
wangjjake,0.00038402457757296467
violetblueish,0.00038402457757296467
wannabegzoox,0.00038402457757296467
wannabesnowman,0.00038402457757296467
wantitsobad,0.00038402457757296467
mmmaaauuulll_,0.00038402457757296467
wasserdruck,0.00038402457757296467
watanabehera,0.00038402457757296467
be_owenz,0.00038402457757296467
winneopen,0.00038402457757296467
psbronitua,0.00038402457757296467
wecall11nine,0.00038402457757296467
martabakindie,0.00038402457757296467
mmeksuttt,0.00038402457757296467
pl4nta3,0.00038402457757296467
ubur_uburmerah,0.00038402457757296467
qraece,0.00038402457757296467
ssssharpay,0.00038402457757296467
pikarosiawati,0.00038402457757296467
quereencialism_,0.00038402457757296467
agnesdella7,0.00038402457757296467
marciwiyi,0.00038402457757296467
quayntrella,0.00038402457757296467
qonitaarda,0.00038402457757296467
mamaselusin,0.00038402457757296467
miyeeoon,0.00038402457757296467
qavten,0.00038402457757296467
pyovn,0.00038402457757296467
pwumpiie,0.00038402457757296467
pillowyarna,0.00038402457757296467
pwtysntc,0.00038402457757296467
querencisal,0.00038402457757296467
suyutifarid,0.00038402457757296467
puuffffffffffff,0.00038402457757296467
raenjunluvena,0.00038402457757296467
renataagustin17,0.00038402457757296467
phoriam,0.00038402457757296467
brandambissador,0.00038402457757296467
renaldiwahyu_,0.00038402457757296467
fotosyut,0.00038402457757296467
rafisetiawanze1,0.00038402457757296467
mgajhnsz,0.00038402457757296467
physicsly,0.00038402457757296467
physblacks,0.00038402457757296467
hiromi_daiji,0.00038402457757296467
faniix1,0.00038402457757296467
raaazaaac,0.00038402457757296467
betaquari,0.00038402457757296467
yongiepurple,0.00038402457757296467
panggilgua1,0.00038402457757296467
arucannn,0.00038402457757296467
mocaccid,0.00038402457757296467
rawrrchio,0.00038402457757296467
cryinhazelmoonz,0.00038402457757296467
real____jjs,0.00038402457757296467
rdrkym,0.00038402457757296467
rayofsansyain,0.00038402457757296467
idontsharefoods,0.00038402457757296467
rainytics,0.00038402457757296467
raufanpurdini,0.00038402457757296467
redpencilcolor,0.00038402457757296467
ratutorojoyo,0.00038402457757296467
majourns,0.00038402457757296467
rararararadira,0.00038402457757296467
pbooyoungg,0.00038402457757296467
randd1_,0.00038402457757296467
guedahyun,0.00038402457757296467
rebahan____,0.00038402457757296467
uchuucinn,0.00038402457757296467
putwizz,0.00038402457757296467
reinmujaddid,0.00038402457757296467
rahareuu,0.00038402457757296467
rainbowariess,0.00038402457757296467
rainensky_,0.00038402457757296467
rayyslagiambis,0.00038402457757296467
studwsyaaa,0.00038402457757296467
renai_maka,0.00038402457757296467
cimotyy,0.00038402457757296467
reeireirin,0.00038402457757296467
maecyokay17_j,0.00038402457757296467
wonunuj_,0.00038402457757296467
kuyangcangtip,0.00038402457757296467
yvoonmi,0.00038402457757296467
refusama,0.00038402457757296467
fajartujuhbelas,0.00038402457757296467
renlilsecret,0.00038402457757296467
romeobogeng,0.00038402457757296467
roseetad,0.00038402457757296467
retnymala,0.00038402457757296467
ridincullus,0.00038402457757296467
ustadchen,0.00038402457757296467
rhsntaa,0.00038402457757296467
rhestudy,0.00038402457757296467
rheexca,0.00038402457757296467
s1jabats,0.00038402457757296467
rerwrho,0.00038402457757296467
rifainthebuild1,0.00038402457757296467
gxuling,0.00038402457757296467
miund,0.00038402457757296467
faizanka_,0.00038402457757296467
robyhmz,0.00038402457757296467
pfmsma,0.00038402457757296467
pfmstudy,0.00038402457757296467
mactematika,0.00038402457757296467
matchikaaa,0.00038402457757296467
philosophyhunt,0.00038402457757296467
ljskkkx,0.00038402457757296467
pusingbgthuft,0.00038402457757296467
rendiismail22,0.00038402457757296467
itoff27,0.00038402457757296467
rmomiyy,0.00038402457757296467
rllazzz,0.00038402457757296467
rkhmdhifa,0.00038402457757296467
rixskt,0.00038402457757296467
riffuda,0.00038402457757296467
riusuir_,0.00038402457757296467
rinnebekasi_,0.00038402457757296467
piltropy,0.00038402457757296467
maukimyugyeom1,0.00038402457757296467
rilexnchillin,0.00038402457757296467
dugongcina,0.00038402457757296467
pcrnanamikento,0.00038402457757296467
rua_area,0.00038402457757296467
iyakngarepfkui,0.00038402457757296467
rrenjunh,0.00038402457757296467
sunfairry,0.00038402457757296467
machtyaaa,0.00038402457757296467
jaketangsel,0.00038402457757296467
rsmn_vr,0.00038402457757296467
mogiisgilang,0.00038402457757296467
rruthieee,0.00038402457757296467
rrachang,0.00038402457757296467
sabilarrrr,0.00038402457757296467
reductocurse,0.00038402457757296467
rr4nd0mm,0.00038402457757296467
rotiboeaya_,0.00038402457757296467
rosettaile,0.00038402457757296467
koumeowing,0.00038402457757296467
rosesty_95,0.00038402457757296467
mabokwonwoo,0.00038402457757296467
melysantoso_,0.00038402457757296467
ruangguyu_,0.00038402457757296467
pharmacidst,0.00038402457757296467
rubbymarkie,0.00038402457757296467
chocyuhyun,0.00038402457757296467
rubyredvelvet,0.00038402457757296467
rumanizz,0.00038402457757296467
jihoonbakso,0.00038402457757296467
rutorenang,0.00038402457757296467
rvnclwsly,0.00038402457757296467
fuckutebeka,0.00038402457757296467
rydeell,0.00038402457757296467
asyastudyy,0.00038402457757296467
s4turnrush,0.00038402457757296467
adambagaskara,0.00038402457757296467
raccoonamatata_,0.00038402457757296467
rakyatuwitter,0.00038402457757296467
rajwnn,0.00038402457757296467
malykacang,0.00038402457757296467
micindomie,0.00038402457757296467
pejuanggkuliah,0.00038402457757296467
asmeredithgrey,0.00038402457757296467
mingmingiess,0.00038402457757296467
mingambis,0.00038402457757296467
pemudayouth,0.00038402457757296467
mhhhrnnn,0.00038402457757296467
mineyups,0.00038402457757296467
mingyureo,0.00038402457757296467
press1forambis,0.00038402457757296467
minexeulate,0.00038402457757296467
mid8riya,0.00038402457757296467
na4ckerman,0.00038402457757296467
miloray6,0.00038402457757296467
milkywayystar,0.00038402457757296467
pejuangalmet,0.00038402457757296467
minhyunglee283,0.00038402457757296467
na_jaemann0813,0.00038402457757296467
ayayayow_,0.00038402457757296467
mangokombucha,0.00038402457757296467
mrs_okaka,0.00038402457757296467
mrjuneyaa,0.00038402457757296467
misiscokelat,0.00038402457757296467
peachqrose,0.00038402457757296467
mintadislebew,0.00038402457757296467
minnnnnhoo,0.00038402457757296467
wiarning,0.00038402457757296467
minjyvers,0.00038402457757296467
minisabc,0.00038402457757296467
vouzmevoyezzh,0.00038402457757296467
minicroffle,0.00038402457757296467
peciintambiss,0.00038402457757296467
rlixaxa_,0.00038402457757296467
ethenimity,0.00038402457757296467
milkkeuteaa,0.00038402457757296467
milkiestluv,0.00038402457757296467
moonkevicn,0.00038402457757296467
moosieposie,0.00038402457757296467
mooonntie,0.00038402457757296467
crazieniyya,0.00038402457757296467
moonroese,0.00038402457757296467
hezastudy,0.00038402457757296467
moonliqght1,0.00038402457757296467
ihyunzjae,0.00038402457757296467
pengenambiis,0.00038402457757296467
metawinbunny,0.00038402457757296467
dinoshop_,0.00038402457757296467
monjicorp,0.00038402457757296467
mochiocii,0.00038402457757296467
maungrice,0.00038402457757296467
mochihihichi,0.00038402457757296467
pengenapaaja,0.00038402457757296467
peacebeuponn,0.00038402457757296467
moyyth,0.00038402457757296467
jon9se,0.00038402457757296467
mrdikta,0.00038402457757296467
mriniaffah13,0.00038402457757296467
mrizkifebriann,0.00038402457757296467
mrizwansy,0.00038402457757296467
mersieo,0.00038402457757296467
mitharmn_,0.00038402457757296467
julidajayaa,0.00038402457757296467
misedep,0.00038402457757296467
fairylionae,0.00038402457757296467
miioo71,0.00038402457757296467
miliksanji,0.00038402457757296467
jjieepang,0.00038402457757296467
straykweeeds,0.00038402457757296467
mrsjyh,0.00038402457757296467
nabilagf,0.00038402457757296467
panggilnady,0.00038402457757296467
murphlovebot,0.00038402457757296467
pixieeeest,0.00038402457757296467
neologii,0.00038402457757296467
vrnsscfby,0.00038402457757296467
pixiexstclilo_,0.00038402457757296467
neomualone,0.00038402457757296467
tukanggalau28,0.00038402457757296467
dsconnectud,0.00038402457757296467
merciaurevoi,0.00038402457757296467
muhammadrizaclr,0.00038402457757296467
worksfess,0.00038402457757296467
studienbrch,0.00038402457757296467
merdepluie,0.00038402457757296467
ndlzkdlin,0.00038402457757296467
maukokumi,0.00038402457757296467
my_april04,0.00038402457757296467
imdemafia,0.00038402457757296467
mauuaungambis,0.00038402457757296467
menyinarimuuu,0.00038402457757296467
flowrblues,0.00038402457757296467
pamaksudmu,0.00038402457757296467
ngambisugmdl,0.00038402457757296467
mazzini_gsp,0.00038402457757296467
mutiarutam131,0.00038402457757296467
pinginjulid,0.00038402457757296467
rococo_chico,0.00038402457757296467
pinnepiinn,0.00038402457757296467
myrrraaahhh,0.00038402457757296467
myohangyul99,0.00038402457757296467
pinginmasukfk,0.00038402457757296467
myogabhtr,0.00038402457757296467
myeonchive,0.00038402457757296467
mydearpo,0.00038402457757296467
mitsupha,0.00038402457757296467
brianbelajar,0.00038402457757296467
peachymochaa,0.00038402457757296467
najaesungie,0.00038402457757296467
namujoonm,0.00038402457757296467
tanannnoctavia,0.00038402457757296467
meme_lord666666,0.00038402457757296467
blackxiugar,0.00038402457757296467
arrheree,0.00038402457757296467
memeeou,0.00038402457757296467
najaeminiey,0.00038402457757296467
4bbyitshere,0.00038402457757296467
naif08916389,0.00038402457757296467
arreundelle,0.00038402457757296467
ddazekth,0.00038402457757296467
nafarezabc,0.00038402457757296467
nadshevi,0.00038402457757296467
nadaoct1,0.00038402457757296467
nanaappp,0.00038402457757296467
mauuujadidokter,0.00038402457757296467
maxpooling2d,0.00038402457757296467
jayeuzv,0.00038402457757296467
nanayoonaya,0.00038402457757296467
nanazzztmlsn,0.00038402457757296467
nantadv,0.00038402457757296467
nantikepikiran,0.00038402457757296467
qardust,0.00038402457757296467
narauhlll,0.00038402457757296467
90storyfair,0.00038402457757296467
piraaaa_,0.00038402457757296467
billsyit,0.00038402457757296467
pebiyjinnie,0.00038402457757296467
krvyblue,0.00038402457757296467
fairym3rs,0.00038402457757296467
peachtachioo,0.00038402457757296467
gerimisnind,0.00038402457757296467
typingmybest,0.00038402457757296467
cloudyjen00,0.00038402457757296467
taaannntann,0.00038402457757296467
kebongean,0.00038402457757296467
sukedelai,0.00038402457757296467
soon2beamedstud,0.00038402457757296467
noctekv,0.00038402457757296467
kbpenyintas,0.00038402457757296467
enhypen_members,0.00038402457757296467
itzaixovvy,0.00038402457757296467
lailychuss,0.00038402457757296467
t1l9t81,0.00038402457757296467
bubos_nim,0.00038402457757296467
sygarpl,0.00038402457757296467
syawalyani,0.00038402457757296467
mekyungsui,0.00038402457757296467
thaichans,0.00038402457757296467
taemybby,0.00038402457757296467
taewzrd,0.00038402457757296467
tinibinnie,0.00038402457757296467
ffoodfess,0.00038402457757296467
tengkyuneks,0.00038402457757296467
hanashhi,0.00038402457757296467
tembemv,0.00038402457757296467
telorcepiog,0.00038402457757296467
txtuhy,0.00038402457757296467
teccasdsmp,0.00038402457757296467
tebaksiapayo,0.00038402457757296467
lachie_nae,0.00038402457757296467
risoljamur,0.00038402457757296467
teafunnygeez,0.00038402457757296467
taureqn,0.00038402457757296467
tatahhaha,0.00038402457757296467
tanfullsun,0.00038402457757296467
tagovailoa_,0.00038402457757296467
plummywrld,0.00038402457757296467
rintarouzie,0.00038402457757296467
sawoberrie,0.00038402457757296467
nisnotes,0.00038402457757296467
tikusblonde,0.00038402457757296467
tidakputusasa_,0.00038402457757296467
hmpneumothorax,0.00038402457757296467
tidakbolehmalas,0.00038402457757296467
thrigonometri,0.00038402457757296467
thndpnpgnkuliah,0.00038402457757296467
thewinner_03,0.00038402457757296467
tnkbell12,0.00038402457757296467
thesunwillbeam,0.00038402457757296467
stuudiv,0.00038402457757296467
petervangils7g1,0.00038402457757296467
theqids,0.00038402457757296467
theodore_rjndr,0.00038402457757296467
the_bluessky,0.00038402457757296467
thatsruffbuddy,0.00038402457757296467
todayis_chaaa,0.00038402457757296467
kurapikawifee,0.00038402457757296467
tootime2time_,0.00038402457757296467
trlsribosomm,0.00038402457757296467
trealogy,0.00038402457757296467
gabisamupon,0.00038402457757296467
trashytribute,0.00038402457757296467
topiksemalam,0.00038402457757296467
komorebby,0.00038402457757296467
baseumum,0.00038402457757296467
todayis_eyen,0.00038402457757296467
tomioxa,0.00038402457757296467
tolonksaltyinaq,0.00038402457757296467
tokopedisa,0.00038402457757296467
accountantz_,0.00038402457757296467
tokopakagus,0.00038402457757296467
plumyn,0.00038402457757296467
tenriyyy_,0.00038402457757296467
yedamsmate,0.00038402457757296467
tersahisahi,0.00038402457757296467
88milyarr,0.00038402457757296467
salmastruggle,0.00038402457757296467
salm00wnz,0.00038402457757296467
sakaumm,0.00038402457757296467
mantappugirl,0.00038402457757296467
little__soul,0.00038402457757296467
sedangberfiqir,0.00038402457757296467
dosiejogja,0.00038402457757296467
sameenergy10,0.00038402457757296467
5pm53mins,0.00038402457757296467
serenadefor_2,0.00038402457757296467
shcinji,0.00038402457757296467
shayeerah,0.00038402457757296467
vicegirl98,0.00038402457757296467
kyulest,0.00038402457757296467
salturnuss,0.00038402457757296467
sampurasunc,0.00038402457757296467
tesatesatesaa,0.00038402457757296467
sasastudy,0.00038402457757296467
saturnuszhra,0.00038402457757296467
aldiset02946261,0.00038402457757296467
m0oorklee,0.00038402457757296467
sashsif,0.00038402457757296467
sasgantar,0.00038402457757296467
shbeiie,0.00038402457757296467
sara25284157,0.00038402457757296467
ahmadzakiyudin_,0.00038402457757296467
superd_ean,0.00038402457757296467
sanygah,0.00038402457757296467
ataehyeong,0.00038402457757296467
sandglassess,0.00038402457757296467
samvisk,0.00038402457757296467
samuelwls,0.00038402457757296467
theonlyokti,0.00038402457757296467
naiscent,0.00038402457757296467
dyoovr,0.00038402457757296467
sshzzxy,0.00038402457757296467
semestajenuh,0.00038402457757296467
semangkabulan,0.00038402457757296467
teumeambis,0.00038402457757296467
enaqtauuuuu,0.00038402457757296467
semangatinakuw,0.00038402457757296467
maukuliah2,0.00038402457757296467
sehunnshinee,0.00038402457757296467
shallmeet_loey,0.00038402457757296467
strawberychocoo,0.00038402457757296467
stabesson,0.00038402457757296467
stardustzr,0.00038402457757296467
swwhun,0.00038402457757296467
delightfulight,0.00038402457757296467
tetesown,0.00038402457757296467
owrientasi,0.00038402457757296467
seminggulagi,0.00038402457757296467
senseodie,0.00038402457757296467
stomatcha,0.00038402457757296467
septgvy,0.00038402457757296467
peachyypickle,0.00038402457757296467
seputartopik,0.00038402457757296467
madubenkyou,0.00038402457757296467
serinshi,0.00038402457757296467
jinnieatr,0.00038402457757296467
setannlucky,0.00038402457757296467
yesiamjasmin,0.00038402457757296467
settuce,0.00038402457757296467
sftraaa,0.00038402457757296467
masgifar,0.00038402457757296467
shaaturday,0.00038402457757296467
premding,0.00038402457757296467
the2nd_kira,0.00038402457757296467
syahrianhaekal,0.00038402457757296467
sweetzjunhui,0.00038402457757296467
solelytolove,0.00038402457757296467
chawmomile,0.00038402457757296467
yeonbwin,0.00038402457757296467
charmingdrac0,0.00038402457757296467
chaotichoes,0.00038402457757296467
drunkerthink,0.00038402457757296467
chanlsty,0.00038402457757296467
chaniechaniee,0.00038402457757296467
chemiseutry,0.00038402457757296467
nadsunoo,0.00038402457757296467
chandeluna,0.00038402457757296467
syadnyl,0.00038402457757296467
chalkyrie,0.00038402457757296467
chachaatdy,0.00038402457757296467
urmarklee99,0.00038402457757296467
choerrybombs2,0.00038402457757296467
chemissu,0.00038402457757296467
4thgenitboyjun,0.00038402457757296467
mabaygbukanmaba,0.00038402457757296467
stvdyca,0.00038402457757296467
stufffzx,0.00038402457757296467
stupid_medstud,0.00038402457757296467
studyyeay,0.00038402457757296467
dreamerstudyy,0.00038402457757296467
perkdels,0.00038402457757296467
waferasahoy,0.00038402457757296467
chemphysicsuck,0.00038402457757296467
ccherrychuu,0.00038402457757296467
lya_jpark,0.00038402457757296467
chymmynie,0.00038402457757296467
chrssss_,0.00038402457757296467
choxco,0.00038402457757296467
choppharo_,0.00038402457757296467
cfcboks,0.00038402457757296467
cewebaik_,0.00038402457757296467
cestmoiadenn,0.00038402457757296467
colourofskyyyyy,0.00038402457757296467
midosalsapfm_,0.00038402457757296467
coralynne9,0.00038402457757296467
coralandsummer_,0.00038402457757296467
pweasev,0.00038402457757296467
comeandxoxo,0.00038402457757296467
cowtoonn,0.00038402457757296467
xjzee_,0.00038402457757296467
kejuricheeze,0.00038402457757296467
hxxwlmes,0.00038402457757296467
coelenterataa,0.00038402457757296467
coaceiia,0.00038402457757296467
clumsyoe,0.00038402457757296467
koaqlaa,0.00038402457757296467
clownhater0,0.00038402457757296467
cordeliaspicy,0.00038402457757296467
cosmiciattte,0.00038402457757296467
ukuuu4,0.00038402457757296467
crackegg2,0.00038402457757296467
cinambis,0.00038402457757296467
kogassi,0.00038402457757296467
craetaceus,0.00038402457757296467
anggurmaroon,0.00038402457757296467
ciggaftermeal,0.00038402457757296467
cciwworr,0.00038402457757296467
ccknwia,0.00038402457757296467
cellacakes_,0.00038402457757296467
cemangatyu,0.00038402457757296467
dairysambatanku,0.00038402457757296467
pcrnysarigandum,0.00038402457757296467
echaml__,0.00038402457757296467
centivl,0.00038402457757296467
stwufdy,0.00038402457757296467
nectarwalk,0.00038402457757296467
starfdust,0.00038402457757296467
stinkyburgers,0.00038402457757296467
studiberries,0.00038402457757296467
studaccanggi,0.00038402457757296467
strippyn,0.00038402457757296467
sukajaehyunss,0.00038402457757296467
mendmoon,0.00038402457757296467
stinkyiss,0.00038402457757296467
vanyazzahra,0.00038402457757296467
cherambiss,0.00038402457757296467
sundaeefundaee,0.00038402457757296467
forambis,0.00038402457757296467
divvla1,0.00038402457757296467
stillaliveye,0.00038402457757296467
stfux13,0.00038402457757296467
stazzmon,0.00038402457757296467
studiehart,0.00038402457757296467
studiesrn,0.00038402457757296467
keiilahaha,0.00038402457757296467
hotmaanparis,0.00038402457757296467
sweetydoughnut,0.00038402457757296467
studyima,0.00038402457757296467
ambizwithucup,0.00038402457757296467
studyfaaaa,0.00038402457757296467
imamazingrn,0.00038402457757296467
studyeuph,0.00038402457757296467
studydies,0.00038402457757296467
studiiy,0.00038402457757296467
rheanjunn,0.00038402457757296467
studybudddy,0.00038402457757296467
stylsdntfvl,0.00038402457757296467
summearry,0.00038402457757296467
studyasfuck,0.00038402457757296467
fatiaaqila,0.00038402457757296467
mencobarajinn,0.00038402457757296467
stayrmg,0.00038402457757296467
siscakolh,0.00038402457757296467
ddumbiie,0.00038402457757296467
crispyfairy,0.00038402457757296467
sunscentsp,0.00038402457757296467
sunnymoondaay,0.00038402457757296467
sunndaylight,0.00038402457757296467
rakyatasgard,0.00038402457757296467
sunmolor,0.00038402457757296467
sun6flower_s,0.00038402457757296467
starsshineee,0.00038402457757296467
studywithcika,0.00038402457757296467
urmatchaw,0.00038402457757296467
sukacanduu,0.00038402457757296467
greencha__,0.00038402457757296467
sugasecretary,0.00038402457757296467
sugarroar,0.00038402457757296467
sunshinepily,0.00038402457757296467
supercuriouss,0.00038402457757296467
suprmh00p,0.00038402457757296467
sushienaktauu,0.00038402457757296467
ohmyyunki,0.00038402457757296467
sushitrashf,0.00038402457757296467
susujeruk1,0.00038402457757296467
sweetberrly,0.00038402457757296467
sweetbrownice,0.00038402457757296467
sweettaroo,0.00038402457757296467
sunleaky,0.00038402457757296467
studynowproud,0.00038402457757296467
hooneyeol,0.00038402457757296467
studynamitee,0.00038402457757296467
sdoodioo,0.00038402457757296467
studyiren,0.00038402457757296467
starlight_ok,0.00038402457757296467
kataibugwcakep,0.00038402457757296467
sayangfk,0.00038402457757296467
tupperwery,0.00038402457757296467
vdfhel,0.00038402457757296467
zigomycota,0.00038402457757296467
ljndoyie,0.00038402457757296467
zeusswet,0.00038402457757296467
kasttangel,0.00038402457757296467
zerotohiros,0.00038402457757296467
zepeted,0.00038402457757296467
zenoiev0423,0.00038402457757296467
zlaraaa27,0.00038402457757296467
pocarigaksweet,0.00038402457757296467
zeniussupport,0.00038402457757296467
bagusbiasa6,0.00038402457757296467
persecoredes,0.00038402457757296467
ambisitb2022,0.00038402457757296467
zeniuslelicia,0.00038402457757296467
thaiteastudy,0.00038402457757296467
zoastudy,0.00038402457757296467
zeniusbyme,0.00038402457757296467
xunyize,0.00038402457757296467
sunnydejuniee,0.00038402457757296467
sayahelo,0.00038402457757296467
papayavocadoes,0.00038402457757296467
mulberyiy,0.00038402457757296467
orch____id,0.00038402457757296467
princssjennie,0.00038402457757296467
renbigwin,0.00038402457757296467
scksprsn,0.00038402457757296467
ztzvall,0.00038402457757296467
cutiebunnyieww,0.00038402457757296467
zrtnj,0.00038402457757296467
zrhyme_25,0.00038402457757296467
zonaeaj,0.00038402457757296467
zofufo,0.00038402457757296467
funami_iidx,0.00038402457757296467
aqillafaya,0.00038402457757296467
albanofinzo,0.00038402457757296467
yodamie,0.00038402457757296467
yoonjeyi,0.00038402457757296467
2304days,0.00038402457757296467
yonkyoungk,0.00038402457757296467
ojodaboniven,0.00038402457757296467
yonkcheese,0.00038402457757296467
yoenny141,0.00038402457757296467
rjcollect,0.00038402457757296467
yorobunzen,0.00038402457757296467
ynamsaeng,0.00038402457757296467
yesikapesetah,0.00038402457757296467
yesikaann,0.00038402457757296467
yerinnykim,0.00038402457757296467
doykimm_,0.00038402457757296467
yennovianti,0.00038402457757296467
yoooambiss,0.00038402457757296467
yoshi__yoo,0.00038402457757296467
littleewolffs,0.00038402457757296467
sha59964370,0.00038402457757296467
kochenkie,0.00038402457757296467
keaybi,0.00038402457757296467
caluvstud,0.00038402457757296467
polymatik,0.00038402457757296467
studyize,0.00038402457757296467
ponakanhagrid,0.00038402457757296467
mgreenteaz,0.00038402457757296467
kentangnyaruto_,0.00038402457757296467
iamsashyaa,0.00038402457757296467
hhazelkim,0.00038402457757296467
haechavr,0.00038402457757296467
yourcicillia,0.00038402457757296467
youniversean,0.00038402457757296467
yoshiluvy,0.00038402457757296467
sweetpeagf,0.00038402457757296467
alieenbelajar,0.00038402457757296467
plzmau,0.00038402457757296467
gtwusiapa,0.00038402457757296467
urrprecioustan,0.00038402457757296467
xoxowantja,0.00038402457757296467
dkfeeel,0.00038402457757296467
orishh_,0.00038402457757296467
kudila_,0.00038402457757296467
jaeminnabigwin,0.00038402457757296467
mayaveronica9,0.00038402457757296467
urlovelymeow,0.00038402457757296467
casjourney,0.00038402457757296467
cabatprojenn,0.00038402457757296467
bichsanul,0.00038402457757296467
vethernal,0.00038402457757296467
pribumimusiman,0.00038402457757296467
venusblaack,0.00038402457757296467
maxsimusfloren,0.00038402457757296467
falllni,0.00038402457757296467
unsoedfess1963,0.00038402457757296467
vuinttone,0.00038402457757296467
tymochie,0.00038402457757296467
zweetbangtan,0.00038402457757296467
txtfromshasa,0.00038402457757296467
preci0usgirll,0.00038402457757296467
txtdrawan,0.00038402457757296467
txtdarironil,0.00038402457757296467
consteiie,0.00038402457757296467
dyrajki,0.00038402457757296467
cilsland,0.00038402457757296467
txlmcc,0.00038402457757296467
thaliamecca,0.00038402457757296467
heyyuu_20,0.00038402457757296467
parksozee,0.00038402457757296467
tweetscognito,0.00038402457757296467
jejeenum,0.00038402457757296467
veildiablo,0.00038402457757296467
iatoxicera,0.00038402457757296467
chanseonga,0.00038402457757296467
loveliveletter,0.00038402457757296467
jiwvookim,0.00038402457757296467
paw_pawmeong,0.00038402457757296467
ivnjno,0.00038402457757296467
hiraelix,0.00038402457757296467
edweils,0.00038402457757296467
cerdaspeople,0.00038402457757296467
is0cost,0.00038402457757296467
bubleclo,0.00038402457757296467
matchaaagirl,0.00038402457757296467
amazinhg,0.00038402457757296467
pluviluv,0.00038402457757296467
skyelaster,0.00038402457757296467
needle_dj,0.00038402457757296467
mlnsunglix,0.00038402457757296467
niceniecesix,0.00038402457757296467
oaseyama,0.00038402457757296467
pinksiyong,0.00038402457757296467
brokenstrays,0.00038402457757296467
xsomanyvoicesx,0.00038402457757296467
xrytired,0.00038402457757296467
rodeoyuno,0.00038402457757296467
user00282622728,0.00038402457757296467
masukptn2k22,0.00038402457757296467
user80972,0.00038402457757296467
vadzhrhwd,0.00038402457757296467
trili_haja21,0.00038402457757296467
valleznx,0.00038402457757296467
plumpyhumpy,0.00038402457757296467
vanctei,0.00038402457757296467
vanillaltte22,0.00038402457757296467
birthdayboyjjen,0.00038402457757296467
poortatoess,0.00038402457757296467
anotheroficha,0.00038402457757296467
prewttyy,0.00038402457757296467
sofciety,0.00038402457757296467
terrciduk,0.00038402457757296467
zeamayis,0.00038402457757296467
ambiss17,0.00038402457757296467
sstudyaddict,0.00038402457757296467
prettysellerapk,0.00038402457757296467
prieztoujours,0.00038402457757296467
sntyche,0.00038402457757296467
sshapiera,0.00038402457757296467
brown_suugaar,0.00038402457757296467
ssearrahh,0.00038402457757296467
sscarletsk,0.00038402457757296467
pudusmollie,0.00038402457757296467
ssahyaa,0.00038402457757296467
pretemdeer,0.00038402457757296467
frankiecosmosd,0.00038402457757296467
martanetlue,0.00038402457757296467
shotarozaki,0.00038402457757296467
sichengurl,0.00038402457757296467
siailan,0.00038402457757296467
siabongx_,0.00038402457757296467
pearll_y,0.00038402457757296467
moonstarslin,0.00038402457757296467
gabutpipell,0.00038402457757296467
shny03,0.00038402457757296467
smileveryydayy,0.00038402457757296467
polcanisme,0.00038402457757296467
shiruunz,0.00038402457757296467
shirayuri0616,0.00038402457757296467
shinsukqe,0.00038402457757296467
niksrot,0.00038402457757296467
shineeyo0pie,0.00038402457757296467
dinasigoreng,0.00038402457757296467
sriwijaya_bsnjo,0.00038402457757296467
squisholic_,0.00038402457757296467
scmeru,0.00038402457757296467
shillamauits,0.00038402457757296467
clnactuaire,0.00038402457757296467
shiibbran,0.00038402457757296467
sheeeerinn,0.00038402457757296467
lylackett,0.00038402457757296467
__pramudya,0.00038402457757296467
schh22,0.00038402457757296467
sptzkyh,0.00038402457757296467
schareinjun,0.00038402457757296467
imyour_id,0.00038402457757296467
sbuxrecipe,0.00038402457757296467
sbm2022amin,0.00038402457757296467
kitty0413,0.00038402457757296467
sayyaswaaa,0.00038402457757296467
shineambis,0.00038402457757296467
solehabknsolime,0.00038402457757296467
seapeachys,0.00038402457757296467
sombhonkamat,0.00038402457757296467
somethingsw33tt,0.00038402457757296467
sapirbluu,0.00038402457757296467
sondesyip,0.00038402457757296467
soodam_husband,0.00038402457757296467
soontobegamada,0.00038402457757296467
thereseclaire_,0.00038402457757296467
peachyeuuu,0.00038402457757296467
ayamtaru,0.00038402457757296467
sotoooayammm,0.00038402457757296467
sourcerries,0.00038402457757296467
spacdust,0.00038402457757296467
spajabole,0.00038402457757296467
sparklingbub,0.00038402457757296467
janrinj,0.00038402457757296467
miraclesitompul,0.00038402457757296467
yeaaaaa1234,0.00038402457757296467
zenalolosutbk22,0.00038402457757296467
guemuk,0.00038402457757296467
friantobasuki,0.00038402457757296467
pornsmol,0.00038402457757296467
masaituakantiba,0.00038402457757296467
cutieasv,0.00038402457757296467
bonjouvr,0.00038402457757296467
pengenits,0.00038402457757296467
yoursunnshine_,0.00038402457757296467
rutoothings,0.00038402457757296467
edennorthe,0.00038402457757296467
affogadto,0.00038402457757296467
ysputri__,0.00038402457757296467
nanadngambis,0.00038402457757296467
zarschev,0.00038402457757296467
paujirohman,0.00038402457757296467
yoursiriusss,0.00038402457757296467
simanullangboy,0.00038402457757296467
yasyas878,0.00038402457757296467
jgukdior,0.00038402457757296467
ydelfay,0.00038402457757296467
tresno_arto,0.00038402457757296467
yceagers,0.00038402457757296467
yayoungiee,0.00038402457757296467
annung1717,0.00038402457757296467
yasukseslah,0.00038402457757296467
yournaddy,0.00038402457757296467
shoxella,0.00038402457757296467
yaspip,0.00038402457757296467
gerimisdingin,0.00038402457757296467
peetassbread,0.00038402457757296467
yaaainisiapa,0.00038402457757296467
xyzstdy,0.00038402457757296467
zalfayre,0.00038402457757296467
zainumzahran,0.00038402457757296467
masaadepanmuuu_,0.00038402457757296467
skyofjava,0.00038402457757296467
sltupid,0.00038402457757296467
prayatafaizaft,0.00038402457757296467
slasherkids,0.00038402457757296467
horribietakes,0.00038402457757296467
skyxlily,0.00038402457757296467
skywithluvya,0.00038402457757296467
preci0usin,0.00038402457757296467
yutachtien,0.00038402457757296467
sn6tn,0.00038402457757296467
siyfrnaaa,0.00038402457757296467
siriuuvs,0.00038402457757296467
siodys,0.00038402457757296467
singkitdiary,0.00038402457757296467
simp4nb,0.00038402457757296467
maujadiorkay,0.00038402457757296467
slvirsa,0.00038402457757296467
slytherxie,0.00038402457757296467
sumberprotein,0.00038402457757296467
smootiess,0.00038402457757296467
tubatu_addicted,0.00038402457757296467
cryptosanthoshg,0.00038402457757296467
tupfai,0.00038402457757296467
tweetislamii,0.00038402457757296467
kokoradenmogu,0.00038402457757296467
ytaeluvv,0.00038402457757296467
physiciansoon,0.00038402457757296467
ytanakamo,0.00038402457757296467
gaizkahaha,0.00038402457757296467
pramidew,0.00038402457757296467
mahirahaul,0.00038402457757296467
sweety0ngg,0.00038402457757296467
akutehbulan,0.00038402457757296467
