Node,Eigenvector Centrality
schfess,0.6941058636726178
subschfess,0.1088913996495772
sbmptnfess,0.06608891829147828
zenius_oliv,0.054261054643829625
hopefullyperf,0.0514460309060088
byunpov,0.04863647273339942
zenbyzaa,0.04585417843975053
amsterdamlaf,0.045832340086218136
ftievi,0.04561610533388446
keyystudies,0.04317922146092681
matchamaeleon,0.04237044748191769
mitrabelajarmu,0.04222078963793942
sedikidnormal,0.042098395013498276
fyoduor,0.04204418486548542
mystruggle___,0.041960903867655115
pfmmipy,0.04192360391833171
quip_zenshare,0.04182639005230401
1975nk,0.04180644542825412
madamemoisse,0.041699069871669936
yantoyamazaki,0.04169877084731803
badp3ople,0.04169877084731803
potongannf,0.041476336437485474
illusionnary,0.041476336437485474
cleyopatttra,0.041476336437485474
sahrra00,0.041476336437485474
sss_aeri,0.041476336437485474
vasyaksm,0.041476336437485474
aresvvv,0.041476336437485474
princes54798837,0.041476336437485474
junepiyaw,0.041476336437485474
rillakuman,0.041476336437485474
sharon_zenius,0.03968921773182446
bljr30mnit1hari,0.03926550500033385
lizzypeachyy,0.03926550500033385
newhopekila,0.03926550500033385
rapinzeul,0.03926550500033385
rigelarion,0.03926550500033385
nevermindeuz,0.03926550500033385
anazureine,0.03926550500033385
jinsuyya,0.038653815523288795
zenambis,0.037889566498946085
lightfu17,0.03661506081948937
zeniusambis,0.03658203933942086
tetsuuuuuw,0.03652025237039226
vazlae,0.036497939879052255
gustity1,0.03643057259606924
lkwrdh_,0.03639026864433662
chewmist,0.03623898168967579
goenawan_dedi,0.03621273465648818
uburuburuu,0.03614107797800901
imkhsnh,0.03613555946653757
hujkwqe83dja,0.0360872442924627
canwehvebutter,0.036073916823874244
vitamiiinc_,0.03607020250168673
piwchicks,0.03604521005234486
zeniusssss,0.0360441670639532
awcitrun,0.0360441670639532
lagihbelajar,0.0360441670639532
studstudiee,0.0360441670639532
jejejesiee_,0.035974851651710826
jesstjakep,0.03594907389416899
halusinasiberat,0.035948549927099026
2022camaba,0.035948549927099026
meyskezz,0.035948031580019454
diveinkyoto,0.035948031580019454
lmansa3,0.035947774485795767
yukbisasemangat,0.035947774485795767
therebahan,0.035947774485795767
jennstudy,0.035947774485795767
yyours_s,0.035947774485795767
hilycious,0.035947774485795767
junggjaejhyun,0.035947774485795767
alonevrydy,0.035947774485795767
yellingoutt,0.035947774485795767
maillov_,0.035947774485795767
homerunballcola,0.035947774485795767
chelsstudy,0.035947774485795767
studyayle,0.035947774485795767
letskol,0.035947774485795767
pweasev,0.035851896096085696
nadshevi,0.035851896096085696
zarschev,0.035851896096085696
akuambisswoyyy,0.035851896096085696
sriwijaya_bsnjo,0.035851896096085696
fitraygaksih,0.035851896096085696
coelenterataa,0.035851896096085696
rllazzz,0.035851896096085696
feeeysa,0.035851896096085696
dipmintae,0.035851896096085696
yoursunnshine_,0.035851896096085696
yoursiriusss,0.035851896096085696
yournaddy,0.035851896096085696
deskiafp,0.035851896096085696
yaaainisiapa,0.035851896096085696
squisholic_,0.035851896096085696
fckinshtsboi,0.035851896096085696
petzoldzzz,0.035851896096085696
sparklingbub,0.035851896096085696
rilexnchillin,0.035851896096085696
pfmbahagia,0.035851896096085696
spacdust,0.035851896096085696
kinanttan,0.035851896096085696
who_realizes,0.035851896096085696
soodam_husband,0.035851896096085696
amortenntia,0.035851896096085696
pjmrawrr,0.035851896096085696
djx_dejuna,0.035851896096085696
fiyyrlsst,0.035851896096085696
peacebeuponn,0.035851896096085696
galvanicells,0.035851896096085696
cciwworr,0.035851896096085696
fylaworld,0.035851896096085696
gadis_azalia,0.035851896096085696
amersyu_,0.035851896096085696
pixieeeest,0.035851896096085696
kimcheeesy,0.035851896096085696
minhyunglee283,0.035851896096085696
pinginjulid,0.035851896096085696
noecharm,0.035851896096085696
minjyvers,0.035851896096085696
kimdoieily,0.035851896096085696
minnnnnhoo,0.035851896096085696
awngantukbanget,0.035851896096085696
peachymochaa,0.035851896096085696
chemiseutry,0.035851896096085696
khonsanailahr,0.035851896096085696
boncabeteri,0.035851896096085696
ayosmgtt,0.035851896096085696
pikarosiawati,0.035851896096085696
alyeolmae,0.035851896096085696
allyaazara,0.035851896096085696
tubatu_addicted,0.035851896096085696
alluireme,0.035851896096085696
mauuaungambis,0.035851896096085696
pharmacidst,0.035851896096085696
fujoshijati,0.035851896096085696
pcrnanamikento,0.035851896096085696
shotarozaki,0.035851896096085696
detavyx,0.035851896096085696
pejuanggkuliah,0.035851896096085696
didodiei,0.035851896096085696
pfmstudy,0.035851896096085696
sstudyaddict,0.035851896096085696
zerotohiros,0.035851896096085696
ynamsaeng,0.035851896096085696
pyovn,0.035851896096085696
gkprnhmnggvaway,0.035851896096085696
ladadidaladida1,0.035851896096085696
xkylz_dll,0.035851896096085696
ulululluu,0.035851896096085696
xnysaz,0.035851896096085696
ucancallmeyunn,0.035851896096085696
xo_fa_xo,0.035851896096085696
ucaaaaay,0.035851896096085696
gembilgembulcom,0.035851896096085696
glinteayeah,0.035851896096085696
biancallysta_,0.035851896096085696
anightthinker_,0.035851896096085696
tweetscognito,0.035851896096085696
geezrekk,0.035851896096085696
geezmarklee,0.035851896096085696
merdepluie,0.035851896096085696
gbrl_pm,0.035851896096085696
garistanpabawah,0.035851896096085696
bbstrawberry25,0.035851896096085696
urbebl0uffee,0.035851896096085696
indomiejpg,0.035851896096085696
biiruuuuu,0.035851896096085696
kuyangexpress,0.035851896096085696
klandastine,0.035851896096085696
xaracryst,0.035851896096085696
choxco,0.035851896096085696
bobarlgrs,0.035851896096085696
ratutorojoyo,0.035851896096085696
blueewyy,0.035851896096085696
rawrrchio,0.035851896096085696
myeonchive,0.035851896096085696
lacibollalaa,0.035851896096085696
kyungbunnyy,0.035851896096085696
kyuutiies,0.035851896096085696
winztersoldier,0.035851896096085696
merciaurevoi,0.035851896096085696
googiebulet,0.035851896096085696
wintervkooo,0.035851896096085696
urheartbreakx,0.035851896096085696
urfavshuman,0.035851896096085696
venusblaack,0.035851896096085696
bismillahbisaye,0.035851896096085696
baealiel,0.035851896096085696
fogbround,0.035851896096085696
nantikepikiran,0.035851896096085696
dooty1016,0.035851896096085696
arshjch,0.035851896096085696
90schan_,0.035851896096085696
____meenn,0.035851896096085696
arloaddict,0.035851896096085696
keutychia,0.035851896096085696
wantitsobad,0.035851896096085696
yorobunzen,0.035851896096085696
adaajeyekan,0.035851896096085696
yoooambiss,0.035851896096085696
flymejk,0.035851896096085696
fluffyyriki,0.035851896096085696
ambispgnfk,0.035851896096085696
apalo_cari2gw,0.035851896096085696
floreaaa_ft,0.035851896096085696
memeeou,0.035851896096085696
whish3s,0.035851896096085696
1navihd,0.035851896096085696
abccccika,0.035851896096085696
abcdreaam,0.035851896096085696
guepemilikakun,0.035851896096085696
addicttophysics,0.035851896096085696
haiiwaizumi,0.035851896096085696
haedonggeuri,0.035851896096085696
renataagustin17,0.035851896096085696
romeobogeng,0.035851896096085696
chymmynie,0.035851896096085696
cloudissie,0.035851896096085696
rr4nd0mm,0.035851896096085696
lalamayla_,0.035851896096085696
lalastudyy,0.035851896096085696
rrenjunh,0.035851896096085696
agracelly,0.035851896096085696
zrtnj,0.035851896096085696
zonaeaj,0.035851896096085696
lya_jpark,0.035851896096085696
mabokwonwoo,0.035851896096085696
asheillette,0.035851896096085696
lancarluncurr,0.035851896096085696
kuntoanjrit,0.035851896096085696
doounnn_,0.035851896096085696
88milyarr,0.035851896096085696
dukunsanted,0.035851896096085696
midosalsapfm_,0.035851896096085696
dwiarts,0.035851896096085696
bukanjinqorin,0.035851896096085696
harugracee,0.035851896096085696
e_markeu,0.035851896096085696
mlieat,0.035851896096085696
kerjarhodey,0.035851896096085696
premiumappbysay,0.035851896096085696
echonomically,0.035851896096085696
ccermide,0.035851896096085696
tomioxa,0.035851896096085696
tolonksaltyinaq,0.035851896096085696
shatrawberry,0.035851896096085696
egkjlsinisp,0.035851896096085696
eileithsia,0.035851896096085696
todayis_eyen,0.035851896096085696
sobbingbcsoobin,0.035851896096085696
hanjisss,0.035851896096085696
mmeillen,0.035851896096085696
mekdiiioreo,0.035851896096085696
perkdels,0.035851896096085696
elysianbounds,0.035851896096085696
hii_ishxyyy,0.035851896096085696
hi_andrii,0.035851896096085696
tesatesatesaa,0.035851896096085696
tenriyyy_,0.035851896096085696
faazaaxx,0.035851896096085696
teafunnygeez,0.035851896096085696
nestleysya,0.035851896096085696
monjicorp,0.035851896096085696
jesjeurs,0.035851896096085696
neupuz,0.035851896096085696
legingmanohara,0.035851896096085696
sugasecretary,0.035851896096085696
dsweetpromises,0.035851896096085696
hmpneumothorax,0.035851896096085696
stuudiv,0.035851896096085696
solehabknsolime,0.035851896096085696
sukajaehyunss,0.035851896096085696
helloelf_,0.035851896096085696
todayis_chaaa,0.035851896096085696
tikusblonde,0.035851896096085696
tidakbolehmalas,0.035851896096085696
hisammula,0.035851896096085696
camillaallif,0.035851896096085696
jedd0ngie,0.035851896096085696
numayyyyyy,0.035851896096085696
starsshineee,0.035851896096085696
jdsmee23,0.035851896096085696
canisminorids,0.035851896096085696
cactusoi,0.035851896096085696
itsaeril,0.035851896096085696
vaquola,0.035851896096085696
naxxyra,0.035851896096085696
istrikmdirumah,0.035851896096085696
sweetberrly,0.035851896096085696
inumakitogel,0.035851896096085696
padukachanyeol,0.035851896096085696
supercuriouss,0.035851896096085696
sunnymoondaay,0.035851896096085696
hipokritx,0.035851896096085696
iniprastyi,0.035851896096085696
jakqesim,0.035851896096085696
kamobelajar,0.035851896096085696
ekacans__,0.035851896096085696
budikur87744640,0.035851896096085696
bucinsungjin_,0.035851896096085696
kecoayeppo,0.035851896096085696
lionhazelj,0.035851896096085696
theqids,0.035851896096085696
theodore_rjndr,0.035851896096085696
sweetzjunhui,0.035851896096085696
inianissaa,0.035851896096085696
ominotme,0.035851896096085696
okgurlzs,0.035851896096085696
kangambisd,0.035851896096085696
studyasfuck,0.035851896096085696
livsaja,0.035851896096085696
studiberries,0.035851896096085696
studaccanggi,0.035851896096085696
strippyn,0.035851896096085696
xexostar,0.035851896096085696
mbawangg,0.035851896096085696
iucreciamh,0.035851896096085696
tetesown,0.035851896096085696
stylsdntfvl,0.035851896096085696
jjkslof,0.035851896096085696
mersieo,0.035851896096085696
crystaliese,0.035851896096085696
salturnuss,0.035851896096085696
ikarahmawati___,0.035851896096085696
salmastruggle,0.035851896096085696
minexeulate,0.035851896096085696
maxsimusfloren,0.035851896096085696
ilhinsibibiybiy,0.035851896096085696
hourmoonrn,0.035851896096085696
luvieaes,0.035851896096085696
seputartopik,0.035851896096085696
mantappugirl,0.035851896096085696
miloray6,0.035851896096085696
jjhnayy,0.035851896096085696
sbuxrecipe,0.035851896096085696
naufalaal_,0.035851896096085696
mitharmn_,0.035851896096085696
paw_pawmeong,0.035851896096085696
luthfeeyaz,0.035851896096085696
luckvoita,0.035851896096085696
culameetan,0.035851896096085696
hramadaaan,0.035851896096085696
ddoraex,0.035851896096085696
notconnectioonn,0.035851896096085696
dankematian,0.035851896096085696
pulchraeaaxxi,0.035851896096085696
senseodie,0.035851896096085696
cingkiya,0.035851896096085696
stabesson,0.035851896096085696
sehunnshinee,0.035851896096085696
euvoria_,0.035851896096085696
__pramudya,0.035851896096085696
semangatinakuw,0.035851896096085696
sasastudy,0.035851896096085696
semestajenuh,0.035851896096085696
doyiieekim,0.035851896096085696
jichanxm,0.035851896096085696
studyyeay,0.035851896096085696
psikolofi,0.035851896096085696
bluelowsh,0.035851896096085696
hyejesaaa,0.035851896096085696
loeydude,0.035851896096085696
i_washuman,0.035851896096085696
lizzienoire,0.035851896096085696
etherealhc_,0.035851896096085696
moonliqght1,0.035851896096085696
stupid_medstud,0.035851896096085696
ndatawlah,0.035851896096085696
preci0usin,0.035851896096085696
mrizkifebriann,0.035851896096085696
utbkfess,0.010993835440788757
convomf,0.010423091915151497
helloyoon4,0.00980291230111112
ambisfs,0.009322223908150367
glamoroustudy,0.009038049245647927
itsmechelllllll,0.007896217910583
aurellovee,0.007675078690471674
querencieaj,0.007495722242781214
vickyutami2,0.006986041690968314
gyuravity,0.006316875680627691
khalifakinayaa1,0.006192288769399719
okeuy12,0.006105950752893141
atomhidrogen1,0.006053162212021582
pasukanambis,0.005950131925987367
kdoydoyi,0.0057667596436194865
plstmnrljgnnemu,0.0057371474981018945
gapyearfess,0.005691119849346068
notge0n,0.005654603783364836
clorophhyl,0.005654603783364836
semangattbljr22,0.005654603783364836
jualanmurcee,0.005654603783364836
zeeuze,0.005639769011594437
nanas_malas,0.005639603380598013
tsavahna,0.005639522062382307
studywithsa,0.005639481729477266
satpam_kmplk,0.005639481729477266
ambisss1,0.005639481729477266
hotiecutiee,0.005639481729477266
privateboba,0.005639481729477266
vermmouht,0.005639481729477266
ehapayabingung,0.005639481729477266
jihanbelva,0.005639481729477266
mowgyli,0.005639481729477266
silverqueern,0.005639481729477266
fancykiddos,0.005624440341399776
myogabhtr,0.005624440341399776
mhhhrnnn,0.005624440341399776
k_wono1,0.005624440341399776
mutiarutam131,0.005624440341399776
insyaallahambis,0.005624440341399776
clarvrisa,0.005624440341399776
menyinarimuuu,0.005624440341399776
jcoodonut,0.005624440341399776
itsjssiidh,0.005624440341399776
notiogic,0.005624440341399776
naif08916389,0.005624440341399776
cleolearn,0.005624440341399776
vinmoriarty,0.005624440341399776
nafarezabc,0.005624440341399776
watanabehera,0.005624440341399776
chemphysicsuck,0.005624440341399776
leohyuck,0.005624440341399776
neverasktoborn,0.005624440341399776
na_jaemann0813,0.005624440341399776
wajibngambisbgt,0.005624440341399776
voile27,0.005624440341399776
luvvuuuuu,0.005624440341399776
nawasenaa,0.005624440341399776
khongguanmerah,0.005624440341399776
cfcboks,0.005624440341399776
cccloudyjeon,0.005624440341399776
jjaooi,0.005624440341399776
atlantijs,0.005624440341399776
orchxid,0.005624440341399776
jjapchaee,0.005624440341399776
xsoarcist,0.005624440341399776
minicroffle,0.005624440341399776
nolivepeople,0.005624440341399776
liltrasshy,0.005624440341399776
medeeiia,0.005624440341399776
miliksanji,0.005624440341399776
mbislie,0.005624440341399776
xryqzaa,0.005624440341399776
xrrava,0.005624440341399776
bjyxxxxx20,0.005624440341399776
mingmingiess,0.005624440341399776
farihmuwaffaq,0.005624440341399776
katakmengeong,0.005624440341399776
claudeloey,0.005624440341399776
inikayeshaa,0.005624440341399776
crackyclouds,0.005624440341399776
rhestudy,0.005624440341399776
pluviluv,0.005624440341399776
plzmau,0.005624440341399776
bumbubucin,0.005624440341399776
deasanasya,0.005624440341399776
deellyyn_,0.005624440341399776
thevirgogurl,0.005624440341399776
poortatoess,0.005624440341399776
xyzstdy,0.005624440341399776
hee_3000,0.005624440341399776
stinkyiss,0.005624440341399776
clownhater0,0.005624440341399776
retnymala,0.005624440341399776
caandyyliciouss,0.005624440341399776
yonkcheese,0.005624440341399776
aiseeeya,0.005624440341399776
flyngmoon1,0.005624440341399776
caffeinewin,0.005624440341399776
yourcrush_babe,0.005624440341399776
delapus11539704,0.005624440341399776
est_studacc,0.005624440341399776
plumpyhumpy,0.005624440341399776
cemangatyu,0.005624440341399776
serenadefor_2,0.005624440341399776
jenoseno,0.005624440341399776
hoshucark,0.005624440341399776
soontobegamada,0.005624440341399776
spajabole,0.005624440341399776
hanqyulgf,0.005624440341399776
seetayz,0.005624440341399776
forsilkstar,0.005624440341399776
economixyz,0.005624440341399776
peachtachioo,0.005624440341399776
ambisfebui2022,0.005624440341399776
singkitdiary,0.005624440341399776
ekonomiui,0.005624440341399776
siodys,0.005624440341399776
siriuuvs,0.005624440341399776
cinambis,0.005624440341399776
cutieb00n,0.005624440341399776
salm00wnz,0.005624440341399776
daveesjar,0.005624440341399776
amazinkkkppl,0.005624440341399776
am0yie,0.005624440341399776
imdoinothing,0.005624440341399776
stfux13,0.005624440341399776
martanetlue,0.005624440341399776
bandottp,0.005624440341399776
pwtysntc,0.005624440341399776
geprekimpor,0.005624440341399776
rumanizz,0.005624440341399776
rahareuu,0.005624440341399776
bcsyoucan,0.005624440341399776
glitterjk_,0.005624440341399776
tatahhaha,0.005624440341399776
greenteahazelnt,0.005624440341399776
real____jjs,0.005624440341399776
prieztoujours,0.005624440341399776
banannauyu,0.005624440341399776
balsemgoreng,0.005624440341399776
clevereonjwin,0.005624440341399776
sushienaktauu,0.005624440341399776
btcshsopps,0.005624440341399776
tanfullsun,0.005624440341399776
kryangkedua,0.005624440341399776
rakyatuwitter,0.005624440341399776
qonitaarda,0.005624440341399776
gimmethestars,0.005624440341399776
habbitsread,0.005624440341399776
iamfishtime,0.005624440341399776
callmekelee,0.005624440341399776
gtwsypp,0.005624440341399776
zoastudy,0.005624440341399776
gutkkie,0.005624440341399776
ichinisanvier,0.005624440341399776
nnaanaj,0.005624440341399776
starlight_ok,0.005624440341399776
schh22,0.005624440341399776
syawalyani,0.005624440341399776
hisspiyaya,0.005624440341399776
huffleloves,0.005624440341399776
ttttaacaa,0.005624440341399776
bertanyarl,0.005491867869811685
nowsantuy,0.005326677776607502
sonofthesunnnn,0.0052982635970798015
imgoingsollolo,0.005167977334696123
smkfess,0.005090702754784497
vminenths,0.004699339203858713
mbisambis,0.0046909116532861785
hiyifa,0.004690702378667513
sweettaeev,0.004690702378667513
matchaawa,0.004597436617298831
student_fess,0.004556428089606129
bnauree,0.004226492442047901
ssophrosynee,0.0040939660971170385
browniefluffy,0.0037744474646506277
suckcietyy,0.0037071598552744865
gabysatidur,0.003631915309849186
strawbeeried,0.0035994788337624564
jeeejeeejee,0.0035994788337624564
dreamnforward,0.0035388988080468546
yungnikiii,0.0035365644598732743
lovemaze52,0.0035249589462094657
itzjaraaa,0.0034504201654183063
asdfghjklhftt,0.0034411431200924558
sstrnice,0.0034319158268487932
blackmantaaa,0.0034319158268487932
echanensiti22,0.0034227623655484728
_lunar25_,0.0034227378865327417
estehpanasding1,0.0034227378865327417
chemicalphobyc,0.0034227378865327417
skiesonyou,0.0034227378865327417
mariambisptkn,0.0034227378865327417
7orupiah,0.0034227378865327417
itsfalana_,0.0034136089042481515
orimkhoirul23,0.0034136089042481515
oseanight,0.0034136089042481515
nextarrcokelat,0.0034136089042481515
sweettaroo,0.0034136089042481515
susujeruk1,0.0034136089042481515
pacarhaliday,0.0034136089042481515
justcallmena_,0.0034136089042481515
pallzahf,0.0034136089042481515
sygarpl,0.0034136089042481515
pachilleui,0.0034136089042481515
kcokomi,0.0034136089042481515
charmingdrac0,0.0034136089042481515
dudududuruddudu,0.0034136089042481515
studiehart,0.0034136089042481515
thatsruffbuddy,0.0034136089042481515
trashytribute,0.0034136089042481515
studiiy,0.0034136089042481515
kdknandasanjaya,0.0034136089042481515
fangrun1ns,0.0034136089042481515
sweetydoughnut,0.0034136089042481515
ke127an,0.0034136089042481515
thesunwillbeam,0.0034136089042481515
kedelaiiii,0.0034136089042481515
bluonyourm_,0.0034136089042481515
shiibbran,0.0034136089042481515
jenojohayo,0.0034136089042481515
adyiaar,0.0034136089042481515
anamambis22,0.0034136089042481515
yceagers,0.0034136089042481515
yoenny141,0.0034136089042481515
apriliaekadmynt,0.0034136089042481515
aagoyoga,0.0034136089042481515
wannabesnowman,0.0034136089042481515
youniversean,0.0034136089042481515
_nrlailaarh,0.0034136089042481515
2021jdmaba,0.0034136089042481515
w0zzteria,0.0034136089042481515
xunyize,0.0034136089042481515
asliceofcheese2,0.0034136089042481515
vickzz14,0.0034136089042481515
elprofessorr_,0.0034136089042481515
abhin54112978,0.0034136089042481515
user00282622728,0.0034136089042481515
adindadinduy,0.0034136089042481515
angkel_mutu,0.0034136089042481515
aniesbaswaras,0.0034136089042481515
urrprecioustan,0.0034136089042481515
txtdarironil,0.0034136089042481515
bebasdaritmnrl,0.0034136089042481515
choppharo_,0.0034136089042481515
bocilbodo,0.0034136089042481515
xezens,0.0034136089042481515
xeexawxeenx,0.0034136089042481515
whociamesia,0.0034136089042481515
wierdify,0.0034136089042481515
zainumzahran,0.0034136089042481515
akunnyaaca,0.0034136089042481515
ndnrilha,0.0034136089042481515
ereszone,0.0034136089042481515
emnggr,0.0034136089042481515
dreamislie_,0.0034136089042481515
sftraaa,0.0034136089042481515
mcflurrybubble,0.0034136089042481515
sashsif,0.0034136089042481515
cruuciio,0.0034136089042481515
me0wsh,0.0034136089042481515
crustaceaee,0.0034136089042481515
crmlcrushh,0.0034136089042481515
somethingsw33tt,0.0034136089042481515
ditakim_,0.0034136089042481515
auliasa44996530,0.0034136089042481515
simp4nb,0.0034136089042481515
awesomekyung4,0.0034136089042481515
siyfrnaaa,0.0034136089042481515
skyofjava,0.0034136089042481515
skyxlily,0.0034136089042481515
chemissu,0.0034136089042481515
mabaygbukanmaba,0.0034136089042481515
azibiasaaja,0.0034136089042481515
akunperjuangani,0.0034136089042481515
b1ntang0rion,0.0034136089042481515
audiiiee,0.0034136089042481515
ambitiounman,0.0034136089042481515
sadneusss,0.0034136089042481515
milkiestluv,0.0034136089042481515
leviheijo,0.0034136089042481515
gemblengjaja,0.0034136089042481515
igiboyeahh,0.0034136089042481515
kimsojungxne,0.0034136089042481515
aldiset02946261,0.0034136089042481515
rafisetiawanze1,0.0034136089042481515
chalkyrie,0.0034136089042481515
ponakanhagrid,0.0034136089042481515
lasfridaynightt,0.0034136089042481515
lavalafyu,0.0034136089042481515
milkkeuteaa,0.0034136089042481515
gsukaayamgoreng,0.0034136089042481515
ganeetavv,0.0034136089042481515
lovelysa19,0.0034136089042481515
roseetad,0.0034136089042481515
mrizwansy,0.0034136089042481515
hayitanis,0.0034136089042481515
pixiexstclilo_,0.0034136089042481515
rhsntaa,0.0034136089042481515
pebiyjinnie,0.0034136089042481515
0rangsuccess,0.0034136089042481515
heksadiena,0.0034136089042481515
awasakunbaru,0.0034136089042481515
hellianthusal,0.0034136089042481515
mauuujadidokter,0.0034136089042481515
leelovemark,0.0034136089042481515
fixzyuu,0.0034136089042481515
rainbowariess,0.0034136089042481515
mrs_okaka,0.0034136089042481515
quayntrella,0.0034136089042481515
hanifa_ep,0.0034136089042481515
colourofskyyyyy,0.0034136089042481515
riusuir_,0.0034136089042481515
rizasfy26,0.0034136089042481515
mamaselusin,0.0034136089042481515
gangamata_,0.0034136089042481515
hangtyass,0.0034136089042481515
kittokatsuuu,0.0034136089042481515
marciwiyi,0.0034136089042481515
rmomiyy,0.0034136089042481515
muhammadrizaclr,0.0034136089042481515
lagbitch,0.0034136089042481515
myrrraaahhh,0.0034136089042481515
albanofinzo,0.0034136089042481515
qraece,0.0034136089042481515
gyruscinguli_,0.0034136089042481515
feelingpurplee,0.0034136089042481515
fckinloveyou,0.0034136089042481515
fathanfariza,0.0034136089042481515
greymacaroon,0.0034136089042481515
najaesungie,0.0034136089042481515
najaeminiey,0.0034136089042481515
harmouren,0.0034136089042481515
rruthieee,0.0034136089042481515
mochihihichi,0.0034136089042481515
hapekegigit,0.0034136089042481515
moaarmymidzyy,0.0034136089042481515
ftrr_yy,0.0034136089042481515
rainytics,0.0034136089042481515
fllwlees,0.0034136089042481515
itzyforitzy,0.0034136089042481515
natiapermanaa,0.0034136089042481515
pdistira3,0.0034136089042481515
robyhmz,0.0034136089042481515
ambisintenyukk,0.0034136089042481515
frizzzzy,0.0034136089042481515
jasmieennn,0.0034136089042481515
jasminegetstud,0.0034136089042481515
haechan6600_,0.0034136089042481515
bubos_nim,0.0034136089042481515
hotshinramyeon,0.0034136089042481515
godblesssmee,0.0034136089042481515
ntashiye,0.0034136089042481515
gngrii_,0.0034136089042481515
jekeywin,0.0034136089042481515
fredrickbinsar,0.0034136089042481515
rainensky_,0.0034136089042481515
nakskarunggoni,0.0034136089042481515
notbeautybutidc,0.0034136089042481515
lifrief,0.0034136089042481515
amilyakautsar,0.0034136089042481515
pemudayouth,0.0034136089042481515
lovelifeyea,0.003369767855203036
tingkiwingki21,0.003308115144864932
shourtcakee,0.0031208424646313234
bothroses,0.003037889456140874
acahikun,0.002982713519763061
almondmilkies,0.002931981570429919
memeykarta,0.0028170456886949854
lilsunschenle,0.0028094125729345508
ayangiesicheng,0.0028094125729345508
yesikapesetah,0.002801919427203093
nabilagf,0.002801919427203093
loveliveletter,0.002801919427203093
hiraelix,0.002801919427203093
amazinhg,0.002801919427203093
pinksiyong,0.002801919427203093
sabilarrrr,0.002801919427203093
studyize,0.002801919427203093
edweils,0.002801919427203093
chrssss_,0.002801919427203093
mlnsunglix,0.002801919427203093
itsphysics_,0.002801919427203093
niceniecesix,0.002801919427203093
oaseyama,0.002801919427203093
uknwmeright,0.002801919427203093
lachie_nae,0.002801919427203093
fatresiahelena,0.002801919427203093
sunscentsp,0.002801919427203093
howboutcins,0.002801919427203093
gliserole,0.002801919427203093
renbigwin,0.002801919427203093
jiwvookim,0.002801919427203093
sha59964370,0.002801919427203093
chanseonga,0.002801919427203093
dhiapakeh,0.002801919427203093
bubleclo,0.002801919427203093
ivnjno,0.002801919427203093
vanillaltte22,0.002801919427203093
princssjennie,0.002801919427203093
hajaengwoo,0.002801919427203093
orch____id,0.002801919427203093
cerdaspeople,0.002801919427203093
syifakyung,0.0026779552019946056
sygfess,0.002670774368992343
mhelmyahya,0.002663631943252827
diterimafkui,0.002663631943252827
1r481n,0.002663631943252827
urielflames,0.002663631943252827
__ther3sa,0.002663631943252827
troismotsvides,0.002663631943252827
maisyaphnn,0.002663631943252827
ofeverythingg,0.002663631943252827
giornogiiovanna,0.002663631943252827
skamletoy,0.002663631943252827
jcxyle,0.0026565276174614055
suholee1111,0.0026565276174614055
httpstudie,0.0026565276174614055
renjungopay,0.0026565276174614055
i2jongu,0.0026565276174614055
fkmsoon,0.0026565276174614055
liviamaubelajar,0.0026565276174614055
oemjiasca,0.0026565276174614055
busifess,0.0026565276174614055
your2rl,0.0026565276174614055
nomineuy,0.0026565276174614055
airplaneboost9,0.0026565276174614055
sarprogress,0.0026565276174614055
mayierreen,0.0026565276174614055
jeanartss,0.0026565276174614055
marsstdy,0.0026565276174614055
swooryx,0.0026565276174614055
larismanies,0.0026565276174614055
kwrdus,0.0026565276174614055
caxbin,0.0026565276174614055
classicaall,0.0026565276174614055
cnswoo,0.0026565276174614055
ambis_yukkk32,0.0026565276174614055
bucincimolll,0.002531707101633851
maublajar,0.0025181660626179578
cursedkidd,0.0025180915392213985
scaryxxna,0.0025114497172347176
starrjee,0.0025114497172347176
luccretia,0.0025114497172347176
reginastnteh,0.0025114497172347176
kiciwsaurus,0.0025114497172347176
lyoura04,0.0025114497172347176
cwangtip33,0.0025114497172347176
voriiel,0.0025114497172347176
alverailee,0.0025114497172347176
wwirlddst,0.0025114497172347176
gummst,0.0025114497172347176
billstudyy,0.0025114497172347176
vkfluffy,0.002457575381658485
taeexyz,0.0024257593568114094
ambisstudd,0.0023804781860209856
sabdaps,0.002380465785060507
unsoedfess1963,0.0023677799657470396
areajulid,0.0023666525944404126
remostra,0.0023666525944404126
hjsl0ve,0.002361785978665874
taeyongsfle,0.0023554867235888073
avocadojaneshi_,0.0023554867235888073
floerlilsuns,0.0022504613213304623
lawcobaambis,0.0022356194005049273
gitaputriastari,0.002229656651551791
farambiss,0.002229656651551791
dyieren,0.002229656651551791
adndnrd,0.002229656651551791
chiayouu,0.0021943647514023733
ssssharpay,0.0021878894866239956
bapakdomba,0.0021820522238361986
peachyypickle,0.0021738414731253815
abcdheyaa,0.002164815753891272
neologii,0.002164815753891272
brianbelajar,0.002164815753891272
kamoomile,0.002164815753891272
nashiayamgeprek,0.0021645391904872744
yongiepurple,0.0021597959080034202
suyutifarid,0.0021597959080034202
cuwprint,0.002158979794755726
whentheweather,0.002155778371821529
ljskkkx,0.0021532214557047134
aracarbonaraa,0.002153206014941905
duniadatar,0.002153206014941905
peetassbread,0.002153206014941905
econoona,0.002153206014941905
gaaragtng,0.00205491929097733
theonlyokti,0.0020494384976743768
dyoovr,0.0020494384976743768
dansedansee,0.0020494384976743768
evanescenzt,0.001961741893628876
guemuk,0.001956509619115798
iamsashyaa,0.001956509619115798
mulberyiy,0.001956509619115798
sweetpeagf,0.001956509619115798
sunnydejuniee,0.001956509619115798
mgreenteaz,0.001956509619115798
sayahelo,0.001956509619115798
hhazelkim,0.001956509619115798
cutieasv,0.001956509619115798
haechavr,0.001956509619115798
09yjm,0.001956509619115798
papayavocadoes,0.001956509619115798
friantobasuki,0.001956509619115798
bonjouvr,0.001956509619115798
asteroid524,0.0018906974936626674
arulertx,0.0018906974936626674
keaybi,0.0018889922260830847
caluvstud,0.0018889922260830847
littleewolffs,0.0018889922260830847
kochenkie,0.0018889922260830847
cellacakes_,0.0018889922260830847
nezthetic,0.0018858018385685515
mekyungsui,0.0018858018385685515
is0cost,0.0018846546928316494
txtapaadanya,0.0018813975282204079
englishfess_,0.00188135672486152
clarissajournal,0.0018811708454102183
user0014297,0.0018727442210011256
collegemenfess,0.0018712533367178828
prkdlx,0.0018712533367178828
napakotel,0.001866222152553503
kittenflawu,0.001866222152553503
gerimisnind,0.001866222152553503
afprodit,0.0018612718071672175
s_rhizaa,0.0018612179502394898
roeversinceny,0.0018612179502394898
fatiaaqila,0.0018612179502394896
peoasus,0.0018612179502394896
hineptunus,0.0018612179502394896
alehaleeee,0.0018612179502394896
persecoredes,0.0018612179502394896
pwumpiie,0.0018612179502394896
ambisitb2022,0.0018612179502394896
iightmiles,0.0018612179502394896
summearry,0.0018562405133039487
samvisk,0.0018562405133039487
mingambis,0.0018562405133039487
gaizkahaha,0.0018562405133039487
zalfayre,0.0018562405133039487
beianjafess,0.0018562405133039487
vethernal,0.0018562405133039487
petervangils7g1,0.0018562405133039487
evimrsh_,0.0018562405133039487
dayxu8_,0.0018562405133039487
anotheroficha,0.0018562405133039487
maribertemanptn,0.0018562405133039487
tengkyuneks,0.0018562405133039487
yvoonmi,0.0018562405133039487
msputraaz,0.0005851431701810598
cokelataro,0.0005839761294048305
cimycatha,0.0005713065838656583
twutwah,0.0005693710917680602
h4dn1,0.0005678484279999424
xrytired,0.0005678484279999424
oligarkei,0.0005678484279999424
renai_maka,0.0005678484279999424
dewiles40958597,0.0005678484279999424
renlilsecret,0.0005678484279999424
saturnuszhra,0.0005678484279999424
canrelatte,0.0005678484279999424
beolkucing,0.0005678484279999424
slytherxie,0.0005678484279999424
shcinji,0.0005678484279999424
rixskt,0.0005678484279999424
rkhmdhifa,0.0005678484279999424
cewebaik_,0.0005678484279999424
waeenyoeell,0.0005678484279999424
belajarhey,0.0005678484279999424
nanazzztmlsn,0.0005678484279999424
nanaappp,0.0005678484279999424
jagathraya,0.0005678484279999424
byeohlogee_,0.0005678484279999424
catyow,0.0005678484279999424
ambistidurr,0.0005678484279999424
perempuanmuuuu,0.0005678484279999424
haechii_fullsun,0.0005398123129107199
richw0mann,0.0005398123129107199
fortunegoogiez,0.0005383725482509205
sampurasunc,0.0005383725482509205
fru1tty,0.0005383725482509205
dhownzy,0.0005383725482509205
yoshi__yoo,0.0005383725482509205
cvpscake,0.0005383725482509205
igiboyaaah,0.0005383725482509205
growflyy,0.0005383725482509205
semangkabulan,0.0005383725482509205
97washere,0.0005383725482509205
dedeuk,0.0005383725482509205
querencisal,0.0005383725482509205
distracsi,0.0005383725482509205
biyeldaily,0.0005383725482509205
lveajpark,0.0005383725482509205
bibigohoonie,0.0005383725482509205
duckvies,0.0005383725482509205
plumyn,0.0005383725482509205
elaboarte,0.0005383725482509205
taureqn,0.0005383725482509205
fairyssom,0.0005383725482509205
fairynayaa,0.0005383725482509205
micindomie,0.0005383725482509205
ayyaafyu,0.0005383725482509205
kusukaleejeno,0.0005383725482509205
vadzhrhwd,0.0005383725482509205
sun6flower_s,0.0005383725482509205
mmeksuttt,0.0005383725482509205
cal0npacarmuuu,0.0005383725482509205
flssfp,0.0005061957176618386
acciostoreofc,0.0004950653251897716
scndofwil,0.00048280156318834767
ayamras,0.00048151041149336503
peciintambiss,0.00048151041149336503
belajarkui,0.00048151041149336503
yesikaann,0.00048151041149336503
mriniaffah13,0.00048151041149336503
itszaambis,0.00048151041149336503
thrigonometri,0.00048151041149336503
arsyubvs,0.00048151041149336503
imeydaaa,0.00048151041149336503
inisyanaa,0.00048151041149336503
cosmiciattte,0.00048151041149336503
kukukunae,0.00048151041149336503
mcflurrries,0.00048151041149336503
audorebel,0.0004087995921714983
berprosess_,0.00040777149035240915
belajardong_,0.00040777149035240915
ambverss,0.0004007073916518234
panggilajazul,0.0003974464961048468
struggle9belas,0.00036083856040247626
tegarrm11,0.00036083856040247626
serotoninstud,0.00036083856040247626
cabatprojenn,0.00036083856040247626
orishh_,0.00036083856040247626
gtwusiapa,0.00036083856040247626
casjourney,0.00036083856040247626
bichsanul,0.00036083856040247626
jaeminnabigwin,0.00036083856040247626
kudila_,0.00036083856040247626
rifaa_fitria,0.00035442974245005284
asyaralanyar,0.0003412619612261567
97sthinqs,0.0003125684905108508
avoucadoei,0.0003125684905108508
buangrasamaless,0.0003072485819882417
dhea_zenius,0.0003072485819882417
scalliyn,0.00029777947365506425
zen_kakyuni,0.000296769098056284
gapyear21,0.0002939517022146645
xayizee,0.0002939517022146645
kyaawan_,0.0002939517022146645
jennietwin,0.0002939517022146645
andikaprayogo17,0.0002939517022146645
medsstud,0.0002939517022146645
matchaaagirl,0.0002939517022146645
heyhohii,0.0002939517022146645
hajwjwje12,0.0002939517022146645
askrlfess,0.0002935624171733894
rabiebz,0.00029198806470241527
mydearpo,0.00029198806470241527
cutiebrowniee,0.00029198806470241527
enaqtauuuuu,0.00029198806470241527
teumeambis,0.00029198806470241527
janrinj,0.00029120720388002417
kekapasii,0.00029120720388002417
lylackett,0.00029120720388002417
scftsmiley__,0.00029120720388002417
dkfeeel,0.00029120720388002417
jzzxlyn,0.00029120720388002417
m0oorklee,0.00029120720388002417
soon2beamedstud,0.00029120720388002417
iuwacth,0.00029120720388002417
esbobataro,0.00029120720388002417
akunyolot,0.00028366337045186745
anthophiile,0.00028366337045186745
equinoxeros,0.00028366337045186745
frecklixxx,0.00028366337045186745
sameenergy10,0.00028366337045186745
itsjenarin,0.00028366337045186745
the_bluessky,0.00028366337045186745
ssearrahh,0.00028366337045186745
khoirunisaazrr,0.00028366337045186745
qavten,0.00028366337045186745
maukimyugyeom1,0.00028366337045186745
bocilnihbos,0.00028366337045186745
faziafc,0.00028366337045186745
honeycityx,0.00028366337045186745
ltaembrace,0.00028366337045186745
paujirohman,0.00028366337045186745
gfhaechan_,0.00028366337045186745
namujoonm,0.00028366337045186745
beautiesoull,0.00028366337045186745
coralynne9,0.00028366337045186745
xrackedaccount,0.00028366337045186745
zigomycota,0.00028366337045186745
blucchis,0.00028366337045186745
ridincullus,0.00028366337045186745
rerwrho,0.00028366337045186745
sptzkyh,0.00028366337045186745
trlsribosomm,0.00028366337045186745
stillaliveye,0.00028366337045186745
skywithluvya,0.00028366337045186745
junjunhug,0.00028366337045186745
ganesauroraa,0.00028366337045186745
anisa01248323,0.00028366337045186745
hobimakancanai,0.00028366337045186745
tnkbell12,0.00028366337045186745
asvsrvcrz,0.00028366337045186745
drugity_,0.00028366337045186745
zrhyme_25,0.00028366337045186745
bungatidurrr,0.00028366337045186745
nelladrs,0.00028366337045186745
kidranggi,0.00028366337045186745
pusingbgthuft,0.00027508269662824446
iridoriscent,0.00027508269662824446
kimbumlaw,0.0002629427889605737
karyacemas32,0.0002629427889605737
honeyberryys,0.0002629427889605737
fvckmaths,0.0002629427889605737
kenmaniichan,0.0002629427889605737
shineeyo0pie,0.0002629427889605737
catsenja,0.0002629427889605737
jehermione,0.0002629427889605737
apfytn,0.000242283715084821
bobll_,0.000242283715084821
psichalogy,0.00023534819637699393
sheeeerinn,0.00023534819637699393
8ccola,0.00023534819637699393
nectarwalk,0.0001914277957483515
hiraahero,0.00017817038518050211
indrastunatu,0.00017817038518050211
thewinner_03,0.00017817038518050211
devnur99,0.00017817038518050211
xpapermint,0.00017769134367153698
icecreamm_21,0.00017769134367153698
loosealive,0.00017769134367153698
ttlindonesia,0.0001772148712250264
sn6tn,0.00017674094722971466
glossiebubs,0.00017674094722971466
hallooodenne,0.00017674094722971466
panggilgua1,0.00017674094722971466
nadaoct1,0.00017674094722971466
curlytaetae,0.00017674094722971466
shineambis,0.00016119168194962148
gabutpipell,0.00016119168194962148
moonstarslin,0.00016119168194962148
dinowin_,0.0001531709965239197
nelvaaze,0.0001474261897108683
femkezhi,0.00014550408939953557
alohaguize,0.00014510982892467395
raluey,0.00014510982892467395
hiiksoona,0.00013832146181743193
abilambis,0.00013832146181743193
heartlinecity,0.00013832146181743193
moosieposie,0.00013795055812429878
polymatik,0.00013795055812429878
my_april04,0.00013758163823970605
iyoureyestell,0.00013758163823970605
urlovelymeow,0.00013758163823970605
fuwajournal,0.00013758163823970605
falllni,0.00013758163823970605
pudanmenawan,0.00013758163823970605
asmeredithgrey,0.00013758163823970605
t1l9t81,0.00013758163823970605
minewithmine,0.00013758163823970605
myohangyul99,0.00013758163823970605
iamthelit_,0.00013076748367230767
anak___gembala,0.00013076748367230767
dini82661,0.00013076748367230767
nouvieiies,0.00013006806316044427
moothyea,0.00012562496540648627
sukedelai,0.00012528990379870336
citacitatercpai,0.00012528990379870336
aliyyonggs,0.00012328437451505784
sorrelsoup__,0.00012328437451505784
crlstudy,0.0001229562202754975
cluvdiigirl,0.0001229562202754975
camabaugm22,0.00012295555562512263
hermonieaddict,0.00012295555562512263
hinumaaa,0.00012295555562512263
lailychuss,0.00012295555562512263
sunleaky,0.00012295555562512263
bungaaftr,0.00012295555562512263
propadti,0.00012295555562512263
syahrianhaekal,0.00012295555562512263
the2nd_kira,0.00012295555562512263
ssaegt,0.00012295555562512263
sweetbrownice,0.00012295555562512263
deact1ve,0.00012295555562512263
sayangfk,0.00012295555562512263
indosatoshi,0.00012295555562512263
ambisbesok,0.00012295555562512263
nantadv,0.00012295555562512263
learnforlifee,0.00012295555562512263
rdrkym,0.00012295555562512263
listiatan,0.00012295555562512263
physicsly,0.00012295555562512263
_scenerys,0.00012295555562512263
raccoonamatata_,0.00012295555562512263
adambagaskara,0.00012295555562512263
redpencilcolor,0.00012295555562512263
_dxlsd,0.00012295555562512263
iwiclmy,0.00012295555562512263
widodotesla,0.00012295555562512263
raufanpurdini,0.00012295555562512263
nurjannahhanum,0.00012295555562512263
shiruunz,0.00012295555562512263
rvnclwsly,0.00012295555562512263
dimdamzz,0.00012295555562512263
ubur_uburmerah,0.00012295555562512263
meme_lord666666,0.00012295555562512263
arrazirafi,0.00012295555562512263
indhrmdhnti,0.00012295555562512263
doodidaa,0.00012295555562512263
rararararadira,0.00012295555562512263
ayayayanaon,0.00012295555562512263
backtomeyay,0.00012295555562512263
majourns,0.00012295555562512263
flowwlinn,0.00012199072292741294
apatisx,0.00011547378712029455
canduslowmotion,0.00011180258516761278
yasyas878,0.0001115154317230224
scmeru,0.00011135004196131373
calonmaba111,0.00011135004196131373
kasihnamadong_,0.00011135004196131373
histologzy,0.00010614050298121149
anyasllbenar,0.00010132771255608532
ciaooo000,9.743556654909382e-05
tweetislamii,9.717779808328463e-05
titiswell,9.717779808328463e-05
cilsland,9.717779808328463e-05
txtdrawan,9.717779808328463e-05
phoriam,9.717779808328463e-05
faitinggg,9.717569051071162e-05
dailyxhitpost,9.717569051071162e-05
ocayaaaa,9.717569051071162e-05
jejeenum,9.673082398983654e-05
rodeoyuno,9.673082398983654e-05
uncpsiar,9.665383101332327e-05
koranpagiii,9.665383101332327e-05
isno_prplee,9.665383101332327e-05
ohmyicedtea,9.665383101332327e-05
kittenbud,9.665383101332327e-05
hiresapps,9.665383101332327e-05
worldqar,9.613548393374787e-05
sunfairry,9.613548393374787e-05
polkacoma,3.721287056748157e-05
namaewanaori,3.0459159019172512e-05
azijik,3.0377920821865095e-05
mitsupha,3.0215440898797067e-05
4bbyitshere,3.0215440898797067e-05
ndlzkdlin,3.0215440898797067e-05
studienbrch,3.0215440898797067e-05
preciousjh17,2.97388152524356e-05
historiye,2.9479543423177463e-05
ustadchen,2.787437263020962e-05
hechanbni,2.787437263020962e-05
toralanguru,2.499718182482418e-05
__moonglade,2.110935740351773e-05
fadeleesss,2.110935740351773e-05
devliaon,2.069139213931915e-05
chanshuh,2.069139213931915e-05
jisoooap,2.069139213931915e-05
likamarkeu,2.069139213931915e-05
meanwhild,2.0523278276991924e-05
yourcicillia,2.0523278276991924e-05
riffuda,2.0523278276991924e-05
komikusmales,2.0523278276991924e-05
rachelamnd14,1.536966351366529e-05
ursaturnss,1.536966351366529e-05
classimoon,1.536966351366529e-05
affogadto,1.5328670194661557e-05
edennorthe,1.5328670194661557e-05
rutoothings,1.5328670194661557e-05
hanashhi,1.5328670194661557e-05
hanabpu,1.5163039198237157e-05
jijuljujil,1.5163039198237157e-05
akbar__kun,1.5163039198237157e-05
gadinn_,1.5081720982529887e-05
ndhrbt1,9.153461300321003e-06
sayyaswaaa,6.487184639276971e-06
kalkulus1a,6.366056336954304e-06
thereseclaire_,6.366056336954304e-06
wedeliastudy,5.031293863268853e-06
sourcerries,1.922100311332737e-06
akutaurifky,1.5732802988284625e-06
andrigunardiii,1.5732576436542415e-06
tanannnoctavia,1.5732575827419277e-06
arrheree,1.5732575827419277e-06
blackxiugar,1.5732575827419277e-06
echan_dongsaeng,1.536055554383388e-06
rubbymarkie,1.536055554383388e-06
keihju,1.536055554383388e-06
adindakyuti,1.522663768117875e-06
ccknwia,1.2911516949826735e-06
geulisgurl,7.936466930742595e-07
moyyth,7.936466930742595e-07
orionbeltgirl,7.936466930742595e-07
luvinfaisy,8.167799349612706e-08
bosriyan,8.123937660385343e-08
ahdwik__,4.2414066620489025e-09
pecintalatte__,4.230063908028136e-09
hali_halaa,2.1901637264871777e-10
vivielawantii,2.1901637264871777e-10
sedangberfiqir,2.1843065930506288e-10
dekapanfiksii,4.181930743234477e-71
cittairlanie,4.181930743234477e-71
sakaumm,1.7072660767637468e-71
masaituakantiba,1.7072660767637468e-71
dindumps,1.7072660767637468e-71
wonyourbae,1.7072660767637468e-71
everyone_wooooo,1.7072660767637468e-71
pengenapaaja,1.7072660767637468e-71
everywwon_woo,1.7072660767637468e-71
maungrice,1.7072660767637468e-71
ipuung9,1.7072660767637468e-71
malykacang,1.7072660767637468e-71
mazzini_gsp,1.7072660767637468e-71
accioiiviaa,1.7072660767637468e-71
atypicali,8.303013716827617e-73
ambisssaaa,4.6973590534817656e-73
amiktheavocado,3.605654663345865e-73
haitsde,3.605654663345865e-73
pejuangalmet,3.605654663345865e-73
biologyzyx,3.605654663345865e-73
billah_bambu,2.5139502732100015e-73
mituuw,1.0917043901359004e-73
azaleyyaa,1.1843108967758731e-75
tubirfess,7.438082709049597e-76
bukan_siapa2moo,5.709411884611669e-76
destiactrr,5.709411884611669e-76
ssahyaa,5.709411884611669e-76
tidakputusasa_,3.585804870442655e-76
jaemcityx,1.2697521232594466e-76
jeromepolin,1.2697521232594466e-76
stanmenfess,1.2697521232594466e-76
jpfbase,1.2697521232594466e-76
pshstudy,1.2697521232594466e-76
r4bbiiit,1.2697521232594466e-76
suprmh00p,6.348760616297232e-77
rrachang,6.348760616297232e-77
siailan,6.348760616297232e-77
bolpoinw,6.348760616297232e-77
b0kepindo,6.348760616297232e-77
dinginluplup,6.348760616297232e-77
grooverko_,6.348760616297232e-77
shirayuri0616,6.348760616297232e-77
haruhachiko,6.348760616297232e-77
fordreamiess,6.348760616297232e-77
myboyfriendkth,6.348760616297232e-77
rinnebekasi_,6.348760616297232e-77
dyrajki,6.348760616297232e-77
ajiaji032,6.348760616297232e-77
agungstyngrh,6.348760616297232e-77
jaeuniiverse,6.348760616297232e-77
bas0goreng,6.348760616297232e-77
unnoticezen,6.348760616297232e-77
embunpagikinant,6.348760616297232e-77
rajwnn,6.348760616297232e-77
dwiarti22,6.348760616297232e-77
kurapikawifee,6.348760616297232e-77
banqkrut,6.348760616297232e-77
bekasisupremacy,6.348760616297232e-77
itscammila,1.546343906702038e-77
boutjinan,1.093430262475509e-77
funnytummy_,1.093430262475509e-77
mjskud,8.004465066654458e-78
studyfess,5.948129302648121e-78
reginallegra,5.660011528402197e-78
xmnallzee,5.660011528402197e-78
jenoactrus,5.059780999483716e-78
jie_noona15,3.6761460785216574e-78
stwufdy,3.127116633308744e-78
maukuliah2,3.127116633308744e-78
zenoiev0423,1.932664366174972e-78
purplishdaisy,1.0856445115156278e-78
n00teskuas,1.0856445115156278e-78
txtdariharsa,1.0856445115156278e-78
ontinyawagyu,1.0856445115156278e-78
angelyxc1,8.309163359902432e-79
studysyx,8.309163359902432e-79
pemudalusi,8.309163359902432e-79
lisambis,8.309163359902432e-79
bocilmakji,5.875465757773809e-79
natadekopok_,5.875465757773809e-79
consteiie,5.875465757773809e-79
krvyblue,5.875465757773809e-79
vuinttone,5.875465757773809e-79
sasambisptn,5.875465757773809e-79
fairym3rs,5.875465757773809e-79
anyaacube,5.875465757773809e-79
laperdh,4.4968868058568675e-79
studybudddy,4.4968868058568675e-79
coaceiia,4.4968868058568675e-79
fk22amin,4.4968868058568675e-79
sszvize,2.5477862162511175e-80
nasculfadhil,2.5477862162511175e-80
noodlezzzip,2.5477862162511175e-80
convomfs,2.5477862162511175e-80
d1nosauruss,2.5477862162511175e-80
ljystudz,2.5477862162511175e-80
potatoesavire,2.5477862162511175e-80
forfuture06,2.5477862162511175e-80
mezmaraised,2.5477862162511175e-80
schcampus,2.5477862162511175e-80
ssefnum,2.5477862162511175e-80
lyuvjigguk,2.5477862162511175e-80
hijiheon,2.5477862162511175e-80
taebearys,2.5477862162511175e-80
reikqmiya,2.320227129873908e-80
koyuudayo,2.00937563702066e-80
cerephaka,2.00937563702066e-80
ccherrychuu,1.4709650577902008e-80
jikook_coty,1.4709650577902008e-80
archiv8ste,1.4709650577902008e-80
bnxamilkoo,1.4709650577902008e-80
nobaramyeon,1.4709650577902008e-80
canstuy,1.4709650577902008e-80
nakaivvy,1.4709650577902008e-80
snowgumzzz,1.4709650577902008e-80
gamissorban,1.4709650577902008e-80
taufiqr823,1.4709650577902008e-80
jeruksambat,1.4709650577902008e-80
loutmlins,1.4709650577902008e-80
qwertyaowk,1.4709650577902008e-80
loucashton28,1.4709650577902008e-80
samarsekali,1.4709650577902008e-80
lanzhhan,1.4709650577902008e-80
wiarning,1.4709650577902008e-80
rlixaxa_,1.4709650577902008e-80
misiscokelat,1.4709650577902008e-80
90storyfair,1.4709650577902008e-80
neomualone,1.4709650577902008e-80
gitasnowy,1.4709650577902008e-80
gapaidreams,1.4709650577902008e-80
physblacks,1.4709650577902008e-80
akunambis21,1.4709650577902008e-80
juyeoqn,1.4709650577902008e-80
enhypen_members,1.4709650577902008e-80
taewzrd,1.4709650577902008e-80
stardustzr,1.4709650577902008e-80
strawberychocoo,1.4709650577902008e-80
aestheshal,1.4709650577902008e-80
nuancesize,1.4709650577902008e-80
noctekv,1.4709650577902008e-80
kbpenyintas,1.4709650577902008e-80
kookstillbby,1.4709650577902008e-80
tembemv,1.4709650577902008e-80
ambiss17,1.4709650577902008e-80
sichengurl,1.4709650577902008e-80
sltupid,1.4709650577902008e-80
soojain,1.4709650577902008e-80
starfdust,1.4709650577902008e-80
leejuyneo,1.4709650577902008e-80
annarukami,1.1601135649369539e-80
rotiboeaya_,1.1601135649369539e-80
ancoraimparo___,4.709559490596548e-82
nurhidazenius,4.709559490596548e-82
subeeobin,4.709559490596548e-82
pdkxbxj,4.709559490596548e-82
4thgenitboyjun,2.9106678372283076e-82
afas64002521,2.9106678372283076e-82
annisahumairap,2.9106678372283076e-82
xiuwany,2.9106678372283076e-82
friedricelogy,3.2981631418286344e-85
doyrencute,3.2981631418286344e-85
joonnyoung,3.2981631418286344e-85
moonareas,3.2981631418286344e-85
sangjaei,3.2981631418286344e-85
pxercys,3.2981631418286344e-85
jaeminstudy,3.2981631418286344e-85
aguskusuma110,3.2981631418286344e-85
alvinbaj,3.2981631418286344e-85
ddeongwush,3.2981631418286344e-85
obsidiaine,3.2981631418286344e-85
edukasystem,3.2981631418286344e-85
lovlyxmg,3.2981631418286344e-85
thepurpletshirt,3.2981631418286344e-85
lunerpw,3.2981631418286344e-85
zenimaoya,3.2981631418286344e-85
milkeurii,3.2981631418286344e-85
taekyootie,3.2981631418286344e-85
studyyarea,3.2981631418286344e-85
replayrepliy,3.2981631418286344e-85
selpiaap,3.2981631418286344e-85
studywystar,3.2981631418286344e-85
qheejin,3.2981631418286344e-85
soonkissad,3.2981631418286344e-85
mbakjenniekim,3.2981631418286344e-85
alloeverea,3.2981631418286344e-85
maujadicrushmu,3.2981631418286344e-85
raraakunambis,3.2981631418286344e-85
1204s0s,3.2981631418286344e-85
eunheeberries,3.2981631418286344e-85
raeambisbesok,3.2981631418286344e-85
sadgurlzzz11,3.2981631418286344e-85
httpsvanes,3.2981631418286344e-85
stilltryingplss,3.2981631418286344e-85
puttrrrri,3.2981631418286344e-85
pinkeuza,3.2981631418286344e-85
nyawmiazks_,3.2981631418286344e-85
saikaawa,3.2981631418286344e-85
flyfromhell,3.2981631418286344e-85
mccnphase,3.2981631418286344e-85
yoshaurs,3.2981631418286344e-85
adelaydens,3.2981631418286344e-85
wonpilmart,3.2981631418286344e-85
plsidunnowhoim,3.2981631418286344e-85
shovwl,3.2981631418286344e-85
centacea,3.2981631418286344e-85
men4ng1s,3.2981631418286344e-85
sbyfess,3.2981631418286344e-85
mybalwoon,3.2981631418286344e-85
waytogoals,3.2981631418286344e-85
nrlsaes,3.2981631418286344e-85
hwangghinaa,3.2981631418286344e-85
noobychild,3.2981631418286344e-85
marktermeloo_n,3.2981631418286344e-85
themposition,3.2981631418286344e-85
nafastudy,3.2981631418286344e-85
zh0ngchn,3.2981631418286344e-85
adhipramonooo,3.2981631418286344e-85
muthxzsh_,3.2981631418286344e-85
olivehateem_,3.2981631418286344e-85
bang_garr,3.2981631418286344e-85
oreocuros,3.2981631418286344e-85
aulion,3.2981631418286344e-85
numdeysix,3.2981631418286344e-85
bluwberiy,2.3321535230465563e-85
azharfahd,2.3321535230465563e-85
sandglassess,2.3321535230465563e-85
dojeumin,2.3321535230465563e-85
psbronitua,2.3321535230465563e-85
y00nddablue,2.3321535230465563e-85
little__soul,2.3321535230465563e-85
antarsayapulang,2.3321535230465563e-85
chercheeri,2.3321535230465563e-85
probablydaisyb,2.3321535230465563e-85
exactlyexact,2.3321535230465563e-85
momotanwelo,2.3321535230465563e-85
nyobaproduktip,2.3321535230465563e-85
fadelabdh_,2.3321535230465563e-85
malkiesty,2.3321535230465563e-85
peachqrose,2.3321535230465563e-85
piztachious,2.3321535230465563e-85
pinginpunyaduit,2.3321535230465563e-85
caramelleizz,2.3321535230465563e-85
nytrika,2.3321535230465563e-85
creepersteve13,2.3321535230465563e-85
pinnepiinn,2.3321535230465563e-85
pillowyarna,2.3321535230465563e-85
kowhsi,2.3321535230465563e-85
xiaaau,2.3321535230465563e-85
tagovailoa_,2.3321535230465563e-85
shaaturday,2.3321535230465563e-85
sshzzxy,2.3321535230465563e-85
cordeliaspicy,2.3321535230465563e-85
baestudyy,2.3321535230465563e-85
kritstal,2.3321535230465563e-85
putwizz,2.3321535230465563e-85
gjlsyudah,2.3321535230465563e-85
straykweeeds,2.3321535230465563e-85
gladlynaya,2.3321535230465563e-85
skyelaster,2.3321535230465563e-85
needle_dj,2.3321535230465563e-85
kindwly,2.3321535230465563e-85
mineyups,2.3321535230465563e-85
anakibubapak2,2.3321535230465563e-85
wicaksanaas,2.3321535230465563e-85
aeranaa,2.3321535230465563e-85
miund,2.3321535230465563e-85
mingyureo,2.3321535230465563e-85
kylielipaann,2.3321535230465563e-85
mrjuneyaa,2.3321535230465563e-85
imdemafia,2.3321535230465563e-85
ljndoyie,2.3321535230465563e-85
vrnsscfby,2.3321535230465563e-85
tukanggalau28,2.3321535230465563e-85
24sheesh,2.3321535230465563e-85
billsyit,2.3321535230465563e-85
ddazekth,2.3321535230465563e-85
gemoihaechan,2.3321535230465563e-85
miyeeoon,2.3321535230465563e-85
vanctei,2.3321535230465563e-85
jjieepang,2.3321535230465563e-85
kaciwparuy,2.3321535230465563e-85
faizanka_,2.3321535230465563e-85
letminolino,2.3321535230465563e-85
mochiocii,2.3321535230465563e-85
bataraputra02,2.3321535230465563e-85
kes_stud,2.3321535230465563e-85
rosesty_95,2.3321535230465563e-85
wangjjake,2.3321535230465563e-85
smileveryydayy,2.3321535230465563e-85
haejwani,2.3321535230465563e-85
lushlovstyles,2.3321535230465563e-85
brandambissador,2.3321535230465563e-85
ambiezallday,2.3321535230465563e-85
bestjpboy,2.3321535230465563e-85
hiromi_daiji,2.3321535230465563e-85
faniix1,2.3321535230465563e-85
iwuffyouuuuu,2.3321535230465563e-85
babyavocuddle,2.3321535230465563e-85
smootiess,2.3321535230465563e-85
mewchanics,2.3321535230465563e-85
brwniesz,2.3321535230465563e-85
sntyche,2.3321535230465563e-85
xkeyzia,2.3321535230465563e-85
arreundelle,2.3321535230465563e-85
navaaaa_aa,2.3321535230465563e-85
cipastuds,2.3321535230465563e-85
chandeluna,2.3321535230465563e-85
ddowoonssi,2.3321535230465563e-85
byunsofttea,2.3321535230465563e-85
keeylaaaaaaaaaa,2.3321535230465563e-85
ineedywoody,2.3321535230465563e-85
kamusiapayak,2.3321535230465563e-85
masaadepanmuuu_,2.3321535230465563e-85
nkcthi___,2.3321535230465563e-85
rxxras,2.3321535230465563e-85
rekonict,2.3321535230465563e-85
iirreplaceabl3,2.3321535230465563e-85
jidatkaoru,2.3321535230465563e-85
elrasr,2.3321535230465563e-85
forambis,2.3321535230465563e-85
divvla1,2.3321535230465563e-85
waitefah,2.3321535230465563e-85
pacarnyarya,2.3321535230465563e-85
ningznin,2.3321535230465563e-85
huggybearys,2.3321535230465563e-85
prewttyy,2.3321535230465563e-85
dreamerstudyy,2.3321535230465563e-85
haru_010410,2.3321535230465563e-85
studynowproud,2.3321535230465563e-85
haruvairy,2.3321535230465563e-85
joereoo,2.3321535230465563e-85
kyulest,2.3321535230465563e-85
haurucastle,2.3321535230465563e-85
mseoia,2.3321535230465563e-85
pattraonite,2.3321535230465563e-85
nonakimry,2.3321535230465563e-85
wecall11nine,2.3321535230465563e-85
bubleteah,2.3321535230465563e-85
dairysambatanku,2.3321535230465563e-85
dzuldarojah80,2.3321535230465563e-85
eiydenist,2.3321535230465563e-85
kceshi,2.3321535230465563e-85
jelllyybin_,2.3321535230465563e-85
tokopakagus,2.3321535230465563e-85
winneopen,2.3321535230465563e-85
txtgetsunova,2.3321535230465563e-85
pornsmol,2.3321535230465563e-85
imyour_drum,2.3321535230465563e-85
pribumimusiman,2.3321535230465563e-85
houseskies,2.3321535230465563e-85
be_owenz,2.3321535230465563e-85
fairylionae,1.2006443283041717e-92
kimjonunh,1.2006443283041717e-92
misedep,1.2006443283041717e-92
mandaredvlvt,1.2006443283041717e-92
khadjhz,1.2006443283041717e-92
justclaiee2,1.2006443283041717e-92
miioo71,1.2006443283041717e-92
kookiesnminily,1.2006443283041717e-92
rohaehaa,1.2006443283041717e-92
justnormalgurll,1.2006443283041717e-92
nisamabaundip,1.2006443283041717e-92
tamakisse,1.2006443283041717e-92
khaistudy,1.2006443283041717e-92
lopyumath,1.2006443283041717e-92
diiyourbae_,1.2006443283041717e-92
orgrendahan,1.2006443283041717e-92
ayayayow_,1.2006443283041717e-92
julidajayaa,1.2006443283041717e-92
lenharuuu,1.2006443283041717e-92
jon9se,1.2006443283041717e-92
_alphaif,1.2006443283041717e-92
jeongyunoaddict,1.2006443283041717e-92
lucutehere,1.2006443283041717e-92
xxeurekaa,1.2006443283041717e-92
jenmarkcart,1.2006443283041717e-92
mrdikta,1.2006443283041717e-92
lucaisya,1.2006443283041717e-92
orgsm95,1.2006443283041717e-92
jonginidoie,1.2006443283041717e-92
ceritadarimalam,1.2006443283041717e-92
kejuloml,1.2006443283041717e-92
bedakbaby_,1.2006443283041717e-92
mrsjyh,1.2006443283041717e-92
ltyruby,1.2006443283041717e-92
sgrjjsbdakka,1.2006443283041717e-92
k4naworld,1.2006443283041717e-92
junnidette,1.2006443283041717e-92
primizzyy,1.2006443283041717e-92
divaalfiah,1.2006443283041717e-92
loiddholpinle,1.2006443283041717e-92
kirapiee,1.2006443283041717e-92
saturddate,1.2006443283041717e-92
oocomfortzone,1.2006443283041717e-92
kimtaejin31,1.2006443283041717e-92
twitims,1.2006443283041717e-92
kharmelllya,1.2006443283041717e-92
orchidzyone,1.2006443283041717e-92
kimniseo,1.2006443283041717e-92
ikimlp,1.2006443283041717e-92
chaeraelk,1.2006443283041717e-92
kimjuncotton_o,1.2006443283041717e-92
amnbisius,1.2006443283041717e-92
kimgayooo,1.2006443283041717e-92
seenteaaa,1.2006443283041717e-92
meanie614,1.2006443283041717e-92
vouzmevoyezzh,1.2006443283041717e-92
minisabc,1.2006443283041717e-92
kayibek,1.2006443283041717e-92
cathions,1.2006443283041717e-92
otsukarenasama,1.2006443283041717e-92
ratoostudy,1.2006443283041717e-92
alreadyxync,1.2006443283041717e-92
loeys00,1.2006443283041717e-92
fleurlvyn,1.2006443283041717e-92
mintadislebew,1.2006443283041717e-92
loeychinguuuuu,1.2006443283041717e-92
ilhmtqn,1.2006443283041717e-92
callafleurs,1.2006443283041717e-92
kadalbuntunc,1.2006443283041717e-92
ethenimity,1.2006443283041717e-92
milkywayystar,1.2006443283041717e-92
na4ckerman,1.2006443283041717e-92
mid8riya,1.2006443283041717e-92
mangokombucha,1.2006443283041717e-92
laravonne,1.2006443283041717e-92
kistude,1.2006443283041717e-92
studywithgee,1.2006443283041717e-92
nrossiee,1.2006443283041717e-92
kaleiea,1.2006443283041717e-92
writepng,1.2006443283041717e-92
ketekalien,1.2006443283041717e-92
yoonjaehyukz,1.2006443283041717e-92
midheavenn_,1.2006443283041717e-92
hannadd__,1.2006443283041717e-92
menfesssyg,1.2006443283041717e-92
odlaassir,1.2006443283041717e-92
itzyjuliia,1.2006443283041717e-92
froum_youngk,1.2006443283041717e-92
takze,1.2006443283041717e-92
itzmintzly,1.2006443283041717e-92
jayeuzv,1.2006443283041717e-92
banjavenue,1.2006443283041717e-92
keqingcult,1.2006443283041717e-92
supermari00_,1.2006443283041717e-92
ourtattoos,1.2006443283041717e-92
indsane96,1.2006443283041717e-92
tarodikulkas,1.2006443283041717e-92
kertaswangsit,1.2006443283041717e-92
angspa,1.2006443283041717e-92
iceeblue_,1.2006443283041717e-92
oikawakiw,1.2006443283041717e-92
liyoen_,1.2006443283041717e-92
iniakunaje,1.2006443283041717e-92
aruufilpe,1.2006443283041717e-92
nunanyawoojin,1.2006443283041717e-92
urmarkly,1.2006443283041717e-92
incesea,1.2006443283041717e-92
ivbluesky,1.2006443283041717e-92
o0crash9,1.2006443283041717e-92
galliardapaapa,1.2006443283041717e-92
jelazkrana,1.2006443283041717e-92
ariesstudies,1.2006443283041717e-92
teenagedimplezx,1.2006443283041717e-92
onyourmidd,1.2006443283041717e-92
katdaal,1.2006443283041717e-92
nuvantaraa,1.2006443283041717e-92
ailofmalyfe,1.2006443283041717e-92
jenggalafana,1.2006443283041717e-92
mbibibis,1.2006443283041717e-92
jbunhyeok,1.2006443283041717e-92
yeseoie,1.2006443283041717e-92
jaywonns,1.2006443283041717e-92
jjwonpark,1.2006443283041717e-92
nyeondy,1.2006443283041717e-92
parktaee_,1.2006443283041717e-92
itswinz,1.2006443283041717e-92
hynskch,1.2006443283041717e-92
jaemysunshine,1.2006443283041717e-92
treasuremenfess,1.2006443283041717e-92
jihanpratikaaa,1.2006443283041717e-92
bbkjhy,1.2006443283041717e-92
inisambataqis,1.2006443283041717e-92
thinsmilemuahh,1.2006443283041717e-92
leaveff,1.2006443283041717e-92
learnisfun_,1.2006443283041717e-92
cavendishclark,1.2006443283041717e-92
dinoshop_,1.2006443283041717e-92
laylimsrh,1.2006443283041717e-92
anadisana,1.2006443283041717e-92
metawinbunny,1.2006443283041717e-92
ihyunzjae,1.2006443283041717e-92
lavendercrushed,1.2006443283041717e-92
gxjeias,1.2006443283041717e-92
moonkevicn,1.2006443283041717e-92
jejeletoy,1.2006443283041717e-92
moonroese,1.2006443283041717e-92
lvckicst,1.2006443283041717e-92
dah____________,1.2006443283041717e-92
luwakarabika,1.2006443283041717e-92
laladanella,1.2006443283041717e-92
crazieniyya,1.2006443283041717e-92
mooonntie,1.2006443283041717e-92
akugemeus,1.2006443283041717e-92
owlinlovewithu,1.2006443283041717e-92
vhezzzz,1.2006443283041717e-92
lampungbase,1.2006443283041717e-92
isnaeni_alya,1.2006443283041717e-92
lisacaper,1.2006443283041717e-92
utbkuy1,1.2006443283041717e-92
zafranalts,1.2006443283041717e-92
onoff_m,1.2006443283041717e-92
cocoaaddict01,1.2006443283041717e-92
ryyuje,1.2006443283041717e-92
insdomie,1.2006443283041717e-92
oxnjxbc,1.2006443283041717e-92
alestudiey,1.2006443283041717e-92
onthewayhere,1.2006443283041717e-92
seporsimieayam,1.2006443283041717e-92
ohnomerlin,1.2006443283041717e-92
renaointu,1.2006443283041717e-92
natastasya,1.2006443283041717e-92
libr4tz,1.2006443283041717e-92
tragific,1.2006443283041717e-92
mbananamal,1.2006443283041717e-92
pl4nta3,1.2006443283041717e-92
letsgooougm,1.2006443283041717e-92
cochoreo,1.2006443283041717e-92
an0therplace7,1.2006443283041717e-92
irdaeliana,1.2006443283041717e-92
mocaccid,1.2006443283041717e-92
hezastudy,1.2006443283041717e-92
wonunuj_,1.2006443283041717e-92
nanayoonaya,1.2006443283041717e-92
reductocurse,1.2006443283041717e-92
jihanfavs,1.2006443283041717e-92
puri_nim,1.2006443283041717e-92
heyyuu_20,1.2006443283041717e-92
parksozee,1.2006443283041717e-92
xoxowantja,1.2006443283041717e-92
mayaveronica9,1.2006443283041717e-92
alieenbelajar,1.2006443283041717e-92
pocarigaksweet,1.2006443283041717e-92
ilynjdo,1.2006443283041717e-92
dinaraw4,1.2006443283041717e-92
ilvlayan,1.2006443283041717e-92
rantnyarara,1.2006443283041717e-92
iluvvstrawberry,1.2006443283041717e-92
kidcozygirlz,1.2006443283041717e-92
mahirahaul,1.2006443283041717e-92
pramidew,1.2006443283041717e-92
ikannncupang,1.2006443283041717e-92
elucuu,1.2006443283041717e-92
sumberprotein,1.2006443283041717e-92
ignaciamelvina,1.2006443283041717e-92
erpan1827,1.2006443283041717e-92
prayatafaizaft,1.2006443283041717e-92
icykeei,1.2006443283041717e-92
nishin0yayu,1.2006443283041717e-92
huffgryff,1.2006443283041717e-92
ayurls,1.2006443283041717e-92
frankiecosmosd,1.2006443283041717e-92
iceamericaan0,1.2006443283041717e-92
youthaddict48,1.2006443283041717e-92
ptnhunter22,1.2006443283041717e-92
pandaiimenangis,1.2006443283041717e-92
mariasoffie_,1.2006443283041717e-92
permisipaket_,1.2006443283041717e-92
kuyangcangtip,1.2006443283041717e-92
pbooyoungg,1.2006443283041717e-92
rococo_chico,1.2006443283041717e-92
pinginmasukfk,1.2006443283041717e-92
worksfess,1.2006443283041717e-92
gabolehgagal,1.2006443283041717e-92
piikiiuu,1.2006443283041717e-92
maukokumi,1.2006443283041717e-92
piraaaa_,1.2006443283041717e-92
maxpooling2d,1.2006443283041717e-92
press1forambis,1.2006443283041717e-92
pengenambiis,1.2006443283041717e-92
idextratime,1.2006443283041717e-92
kiddieasha,1.2006443283041717e-92
jehianps,1.2006443283041717e-92
may0naizee,1.2006443283041717e-92
frenchchuba,1.2006443283041717e-92
lananiole,1.2006443283041717e-92
ftttsugaaa,1.2006443283041717e-92
marsupilalami,1.2006443283041717e-92
sharereall,1.2006443283041717e-92
han_1627,1.2006443283041717e-92
kyaaact,1.2006443283041717e-92
marimegammy,1.2006443283041717e-92
o97pride,1.2006443283041717e-92
profanous,1.2006443283041717e-92
pekalonganfess,1.2006443283041717e-92
martabakindie,1.2006443283041717e-92
ice_elzzaa,1.2006443283041717e-92
iunaticofeliz,1.2006443283041717e-92
icannn___,1.2006443283041717e-92
hoezxvirgo,1.2006443283041717e-92
balbalapasi,1.2006443283041717e-92
hapxbogummy,1.2006443283041717e-92
rafiabdulaziz_,1.2006443283041717e-92
bffhae,1.2006443283041717e-92
haechanprivate,1.2006443283041717e-92
stekzzkzkzk,1.2006443283041717e-92
hallaaah,1.2006443283041717e-92
cherrykook16,1.2006443283041717e-92
purpleuvy,1.2006443283041717e-92
flummfox,1.2006443283041717e-92
cestlacherie,1.2006443283041717e-92
saramadhan,1.2006443283041717e-92
vrdhmrh,1.2006443283041717e-92
denmanly,1.2006443283041717e-92
teresa_katarina,1.2006443283041717e-92
faintedrain,1.2006443283041717e-92
hngrenjun__,1.2006443283041717e-92
tkmwe2wkcbytzlv,1.2006443283041717e-92
jbjie,1.2006443283041717e-92
jeonsooheej,1.2006443283041717e-92
sebut_aja_orang,1.2006443283041717e-92
airmelon_,1.2006443283041717e-92
aziastudy,1.2006443283041717e-92
dinges_zenius,1.2006443283041717e-92
gabriux1,1.2006443283041717e-92
hilmiluthfi_,1.2006443283041717e-92
flammable__,1.2006443283041717e-92
zxcvopw,1.2006443283041717e-92
haqueensa,1.2006443283041717e-92
itssayeshaa_,1.2006443283041717e-92
shabrinafg__,1.2006443283041717e-92
helmiakbars,1.2006443283041717e-92
ibobm,1.2006443283041717e-92
ericxtbz,1.2006443283041717e-92
pretemdeer,1.2006443283041717e-92
zeamayis,1.2006443283041717e-92
prettysellerapk,1.2006443283041717e-92
dinasigoreng,1.2006443283041717e-92
peachyeuuu,1.2006443283041717e-92
dosiejogja,1.2006443283041717e-92
5pm53mins,1.2006443283041717e-92
naiscent,1.2006443283041717e-92
masgifar,1.2006443283041717e-92
hemistudy,1.2006443283041717e-92
kk4mjong,1.2006443283041717e-92
rraflid,1.2006443283041717e-92
hxxwlmes,1.2006443283041717e-92
mendmoon,1.2006443283041717e-92
sundaeefundaee,1.2006443283041717e-92
waferasahoy,1.2006443283041717e-92
heepnoticc,1.2006443283041717e-92
heaveniki,1.2006443283041717e-92
choerrybombs2,1.2006443283041717e-92
syadnyl,1.2006443283041717e-92
pcrnysarigandum,1.2006443283041717e-92
hayukyass,1.2006443283041717e-92
deyngambis,1.2006443283041717e-92
xjzee_,1.2006443283041717e-92
hataraca,1.2006443283041717e-92
gistudees,1.2006443283041717e-92
philosophyhunt,1.2006443283041717e-92
pfmsma,1.2006443283041717e-92
qardust,1.2006443283041717e-92
maurienau,1.2006443283041717e-92
gracefulei,1.2006443283041717e-92
aternusty,1.2006443283041717e-92
reeireirin,1.2006443283041717e-92
fajartujuhbelas,1.2006443283041717e-92
refusama,1.2006443283041717e-92
glxysea,1.2006443283041717e-92
ambisvinn,1.2006443283041717e-92
iamgoodg1rl,1.2006443283041717e-92
maecyokay17_j,1.2006443283041717e-92
cimotyy,1.2006443283041717e-92
glazeud,1.2006443283041717e-92
jinwooeyesmile,1.2006443283041717e-92
reinmujaddid,1.2006443283041717e-92
studwsyaaa,1.2006443283041717e-92
gksward23,1.2006443283041717e-92
navielbloom,1.2006443283041717e-92
rayyslagiambis,1.2006443283041717e-92
gitarisbonjovi,1.2006443283041717e-92
aquayan_,1.2006443283041717e-92
arucannn,1.2006443283041717e-92
puuffffffffffff,1.2006443283041717e-92
agnesdella7,1.2006443283041717e-92
quereencialism_,1.2006443283041717e-92
betaquari,1.2006443283041717e-92
gausahtauuuuuuu,1.2006443283041717e-92
ordinatabsis,1.2006443283041717e-92
raaazaaac,1.2006443283041717e-92
grecszeb,1.2006443283041717e-92
rachappy_,1.2006443283041717e-92
uchuucinn,1.2006443283041717e-92
rebahan____,1.2006443283041717e-92
dripmonger,1.2006443283041717e-92
ngambisugmdl,1.2006443283041717e-92
kittychart,1.2006443283041717e-92
ingenuze,1.2006443283041717e-92
narauhlll,1.2006443283041717e-92
lakoneaku,1.2006443283041717e-92
allhailtakashi,1.2006443283041717e-92
dsconnectud,1.2006443283041717e-92
murphlovebot,1.2006443283041717e-92
l0vchemist,1.2006443283041717e-92
chocooxz,1.2006443283041717e-92
kyralacs,1.2006443283041717e-92
nadhputrii,1.2006443283041717e-92
ky0dxpcc,1.2006443283041717e-92
alscheift,1.2006443283041717e-92
pamaksudmu,1.2006443283041717e-92
imndinn,1.2006443283041717e-92
flowrblues,1.2006443283041717e-92
panggilnady,1.2006443283041717e-92
guedahyun,1.2006443283041717e-92
kudaranay,1.2006443283041717e-92
genshinlokal,1.2006443283041717e-92
kuacipilihan,1.2006443283041717e-92
bakpiaww,1.2006443283041717e-92
kstoedy,1.2006443283041717e-92
fairiemind,1.2006443283041717e-92
randd1_,1.2006443283041717e-92
idontsharefoods,1.2006443283041717e-92
rayofsansyain,1.2006443283041717e-92
cryinhazelmoonz,1.2006443283041717e-92
gresnolimit,1.2006443283041717e-92
hneeep,1.2006443283041717e-92
mgajhnsz,1.2006443283041717e-92
fenori_,1.2006443283041717e-92
flurrybabykim,1.2006443283041717e-92
salsblx,1.2006443283041717e-92
fluffyflurri,1.2006443283041717e-92
neospasie,1.2006443283041717e-92
s1jabats,1.2006443283041717e-92
floo_shr,1.2006443283041717e-92
its_me_yayaa,1.2006443283041717e-92
rheexca,1.2006443283041717e-92
mactematika,1.2006443283041717e-92
rifainthebuild1,1.2006443283041717e-92
itoff27,1.2006443283041717e-92
fidwinaxx,1.2006443283041717e-92
emangcuek,1.2006443283041717e-92
strawberiessky,1.2006443283041717e-92
iyakngarepfkui,1.2006443283041717e-92
feniifs,1.2006443283041717e-92
aangleaw,1.2006443283041717e-92
rendiismail22,1.2006443283041717e-92
jaejaewoonie,1.2006443283041717e-92
feeldone999,1.2006443283041717e-92
pockyaddictttt,1.2006443283041717e-92
piltropy,1.2006443283041717e-92
dugongcina,1.2006443283041717e-92
matchikaaa,1.2006443283041717e-92
gxuling,1.2006443283041717e-92
fauntalism,1.2006443283041717e-92
gumbearie,1.2006443283041717e-92
fattiebelly,1.2006443283041717e-92
rua_area,1.2006443283041717e-92
s4turnrush,1.2006443283041717e-92
halloakuester,1.2006443283041717e-92
gyehunssi,1.2006443283041717e-92
sal_xzn,1.2006443283041717e-92
raenjunluvena,1.2006443283041717e-92
fotosyut,1.2006443283041717e-92
renaldiwahyu_,1.2006443283041717e-92
haevchanii,1.2006443283041717e-92
txtdarihunter,1.2006443283041717e-92
hadeuh47934950,1.2006443283041717e-92
patriciashaniaa,1.2006443283041717e-92
koumeowing,1.2006443283041717e-92
rosettaile,1.2006443283041717e-92
mogiisgilang,1.2006443283041717e-92
rsmn_vr,1.2006443283041717e-92
jaketangsel,1.2006443283041717e-92
eunhwilo,1.2006443283041717e-92
asyastudyy,1.2006443283041717e-92
machtyaaa,1.2006443283041717e-92
melysantoso_,1.2006443283041717e-92
guojiia,1.2006443283041717e-92
chwlejisngy,1.2006443283041717e-92
guniepie,1.2006443283041717e-92
jumclal,1.2006443283041717e-92
ruangguyu_,1.2006443283041717e-92
chocyuhyun,1.2006443283041717e-92
rubyredvelvet,1.2006443283041717e-92
jihoonbakso,1.2006443283041717e-92
rutorenang,1.2006443283041717e-92
fuckutebeka,1.2006443283041717e-92
rydeell,1.2006443283041717e-92
nfifah23,1.2006443283041717e-92
noviceartistt,1.2006443283041717e-92
kenapagitudeh,1.2006443283041717e-92
kataibugwcakep,1.2006443283041717e-92
darqolate,1.2006443283041717e-92
lovestozad,1.2006443283041717e-92
darknessfourr,1.2006443283041717e-92
flyingkucing,1.2006443283041717e-92
ahmadzakiyudin_,1.2006443283041717e-92
samuelwls,1.2006443283041717e-92
ataehyeong,1.2006443283041717e-92
sanygah,1.2006443283041717e-92
superd_ean,1.2006443283041717e-92
sara25284157,1.2006443283041717e-92
shbeiie,1.2006443283041717e-92
sasgantar,1.2006443283041717e-92
cucudokja,1.2006443283041717e-92
andalasfess,1.2006443283041717e-92
crynindenyt,1.2006443283041717e-92
dat00slove,1.2006443283041717e-92
ooreki_,1.2006443283041717e-92
sawoberrie,1.2006443283041717e-92
kitty0413,1.2006443283041717e-92
sbm2022amin,1.2006443283041717e-92
imyour_id,1.2006443283041717e-92
crit_effect,1.2006443283041717e-92
_pixlsugr,1.2006443283041717e-92
definitelybila,1.2006443283041717e-92
caramelleah,1.2006443283041717e-92
schareinjun,1.2006443283041717e-92
deluziee,1.2006443283041717e-92
xxnabilaaz,1.2006443283041717e-92
clnactuaire,1.2006443283041717e-92
shillamauits,1.2006443283041717e-92
kerelllen,1.2006443283041717e-92
shayeerah,1.2006443283041717e-92
xxswr_,1.2006443283041717e-92
madubenkyou,1.2006443283041717e-92
mikeymantji,1.2006443283041717e-92
teccasdsmp,1.2006443283041717e-92
txtuhy,1.2006443283041717e-92
telorcepiog,1.2006443283041717e-92
yedamsmate,1.2006443283041717e-92
tersahisahi,1.2006443283041717e-92
delightfulight,1.2006443283041717e-92
swwhun,1.2006443283041717e-92
eunsang_pikri,1.2006443283041717e-92
viraanih,1.2006443283041717e-92
owrientasi,1.2006443283041717e-92
seminggulagi,1.2006443283041717e-92
stomatcha,1.2006443283041717e-92
septgvy,1.2006443283041717e-92
erikasalsabl,1.2006443283041717e-92
vicegirl98,1.2006443283041717e-92
itsyogirlsjaoe,1.2006443283041717e-92
serinshi,1.2006443283041717e-92
jinnieatr,1.2006443283041717e-92
enginestud,1.2006443283041717e-92
tryingmabestt,1.2006443283041717e-92
setannlucky,1.2006443283041717e-92
yesiamjasmin,1.2006443283041717e-92
doyoungkim_10,1.2006443283041717e-92
chitaglorya,1.2006443283041717e-92
doyoane,1.2006443283041717e-92
fulixlee,1.2006443283041717e-92
settuce,1.2006443283041717e-92
premding,1.2006443283041717e-92
shallmeet_loey,1.2006443283041717e-92
doychanna,1.2006443283041717e-92
pcychnyeoll,1.2006443283041717e-92
downytigarasa,1.2006443283041717e-92
akusyngdoraemon,1.2006443283041717e-92
slvirsa,1.2006443283041717e-92
alvernim,1.2006443283041717e-92
richslacker,1.2006443283041717e-92
cryptosanthoshg,1.2006443283041717e-92
alletsacc,1.2006443283041717e-92
luckeenreech,1.2006443283041717e-92
tupfai,1.2006443283041717e-92
kokoradenmogu,1.2006443283041717e-92
alfanda_14,1.2006443283041717e-92
dowoonderfull,1.2006443283041717e-92
akuuuuuuily,1.2006443283041717e-92
vychologist,1.2006443283041717e-92
ytaeluvv,1.2006443283041717e-92
physiciansoon,1.2006443283041717e-92
cocooteee,1.2006443283041717e-92
rintdou,1.2006443283041717e-92
ytanakamo,1.2006443283041717e-92
sweety0ngg,1.2006443283041717e-92
yutachtien,1.2006443283041717e-92
nanadngambis,1.2006443283041717e-92
ysputri__,1.2006443283041717e-92
ajustforanya,1.2006443283041717e-92
makeuvilm,1.2006443283041717e-92
pengenits,1.2006443283041717e-92
zenalolosutbk22,1.2006443283041717e-92
ambiskuu,1.2006443283041717e-92
hmzhfzn,1.2006443283041717e-92
gerimisdingin,1.2006443283041717e-92
ambisliciouss,1.2006443283041717e-92
humancarrot_,1.2006443283041717e-92
afaqihaa_,1.2006443283041717e-92
alyawkwkwk,1.2006443283041717e-92
maujadiorkay,1.2006443283041717e-92
jaeminnuaing,1.2006443283041717e-92
seapeachys,1.2006443283041717e-92
sombhonkamat,1.2006443283041717e-92
sapirbluu,1.2006443283041717e-92
sondesyip,1.2006443283041717e-92
djunaxxy,1.2006443283041717e-92
mabngo,1.2006443283041717e-92
divlagibelajar,1.2006443283041717e-92
rarambis,1.2006443283041717e-92
ayamtaru,1.2006443283041717e-92
sotoooayammm,1.2006443283041717e-92
pudusmollie,1.2006443283041717e-92
diritwit,1.2006443283041717e-92
moonwisherx_,1.2006443283041717e-92
sscarletsk,1.2006443283041717e-92
brown_suugaar,1.2006443283041717e-92
sshapiera,1.2006443283041717e-92
terrciduk,1.2006443283041717e-92
sofciety,1.2006443283041717e-92
niksrot,1.2006443283041717e-92
shinsukqe,1.2006443283041717e-92
polcanisme,1.2006443283041717e-92
shny03,1.2006443283041717e-92
pearll_y,1.2006443283041717e-92
siabongx_,1.2006443283041717e-92
miraclesitompul,1.2006443283041717e-92
simanullangboy,1.2006443283041717e-92
horribietakes,1.2006443283041717e-92
slasherkids,1.2006443283041717e-92
am0licano,1.2006443283041717e-92
fadilajadeh_,1.2006443283041717e-92
fairyluvie,1.2006443283041717e-92
fizzyflanks,1.2006443283041717e-92
sunmolor,1.2006443283041717e-92
stvdyca,1.2006443283041717e-92
burlywoodie,1.2006443283041717e-92
ocxtober,1.2006443283041717e-92
keiilahaha,1.2006443283041717e-92
sugarroar,1.2006443283041717e-92
bumbushashaa,1.2006443283041717e-92
sunceaura,1.2006443283041717e-92
greencha__,1.2006443283041717e-92
sukacanduu,1.2006443283041717e-92
urmatchaw,1.2006443283041717e-92
budimanyuman,1.2006443283041717e-92
simulasiku_id,1.2006443283041717e-92
studywithcika,1.2006443283041717e-92
ddumbiie,1.2006443283041717e-92
buciinbelajar,1.2006443283041717e-92
chawmomile,1.2006443283041717e-92
liaambis_xx,1.2006443283041717e-92
buburbayiracer,1.2006443283041717e-92
akueflin,1.2006443283041717e-92
rakyatasgard,1.2006443283041717e-92
brrr0110,1.2006443283041717e-92
yeyyzwiee,1.2006443283041717e-92
sunndaylight,1.2006443283041717e-92
crispyfairy,1.2006443283041717e-92
boutfairy,1.2006443283041717e-92
dygnit,1.2006443283041717e-92
sunshinepily,1.2006443283041717e-92
ohmyyunki,1.2006443283041717e-92
borjuisociety,1.2006443283041717e-92
coeursea,1.2006443283041717e-92
stufffzx,1.2006443283041717e-92
yeonbwin,1.2006443283041717e-92
ffoodfess,1.2006443283041717e-92
cloudishlly,1.2006443283041717e-92
crackegg2,1.2006443283041717e-92
coralandsummer_,1.2006443283041717e-92
desieeci,1.2006443283041717e-92
comeandxoxo,1.2006443283041717e-92
cowtoonn,1.2006443283041717e-92
kogassi,1.2006443283041717e-92
craetaceus,1.2006443283041717e-92
anggurmaroon,1.2006443283041717e-92
ciggaftermeal,1.2006443283041717e-92
clumsyoe,1.2006443283041717e-92
koaqlaa,1.2006443283041717e-92
cloudyjen00,1.2006443283041717e-92
chendellion,1.2006443283041717e-92
echaml__,1.2006443283041717e-92
caastudyy,1.2006443283041717e-92
chaotichoes,1.2006443283041717e-92
cloud1xd,1.2006443283041717e-92
jonelis__,1.2006443283041717e-92
centivl,1.2006443283041717e-92
kejuricheeze,1.2006443283041717e-92
cestmoiadenn,1.2006443283041717e-92
urmarklee99,1.2006443283041717e-92
chachaatdy,1.2006443283041717e-92
cjreamy,1.2006443283041717e-92
lalaloveyy__,1.2006443283041717e-92
nadsunoo,1.2006443283041717e-92
chaniechaniee,1.2006443283041717e-92
solelytolove,1.2006443283041717e-92
chanlsty,1.2006443283041717e-92
drunkerthink,1.2006443283041717e-92
sushitrashf,1.2006443283041717e-92
hooneyeol,1.2006443283041717e-92
studynamitee,1.2006443283041717e-92
itzaixovvy,1.2006443283041717e-92
future__medstud,1.2006443283041717e-92
tokopedisa,1.2006443283041717e-92
baseumum,1.2006443283041717e-92
tootime2time_,1.2006443283041717e-92
komorebby,1.2006443283041717e-92
topiksemalam,1.2006443283041717e-92
gabisamupon,1.2006443283041717e-92
trealogy,1.2006443283041717e-92
rintarouzie,1.2006443283041717e-92
tinibinnie,1.2006443283041717e-92
dwianjanihast,1.2006443283041717e-92
elisabetguwanto,1.2006443283041717e-92
plummywrld,1.2006443283041717e-92
thaichans,1.2006443283041717e-92
duaperdua,1.2006443283041717e-92
sdoodioo,1.2006443283041717e-92
nesruneos,1.2006443283041717e-92
taaannntann,1.2006443283041717e-92
kebongean,1.2006443283041717e-92
drowneast,1.2006443283041717e-92
serotoniyn,1.2006443283041717e-92
drimzie,1.2006443283041717e-92
ryvjinswag,1.2006443283041717e-92
taemybby,1.2006443283041717e-92
fajriea_,1.2006443283041717e-92
aaaaaaaaaa0022,1.2006443283041717e-92
fajarsuryadew,1.2006443283041717e-92
mofaisalakbar,1.2006443283041717e-92
risoljamur,1.2006443283041717e-92
tebaksiapayo,1.2006443283041717e-92
eduteaa,1.2006443283041717e-92
accountantz_,1.2006443283041717e-92
thndpnpgnkuliah,1.2006443283041717e-92
cottonwools,1.2006443283041717e-92
studyiren,1.2006443283041717e-92
siscakolh,1.2006443283041717e-92
stayrmg,1.2006443283041717e-92
mencobarajinn,1.2006443283041717e-92
callmettaaa,1.2006443283041717e-92
siifkkmk,1.2006443283041717e-92
callmeoty,1.2006443283041717e-92
taulusgerl,1.2006443283041717e-92
stazzmon,1.2006443283041717e-92
cactuls,1.2006443283041717e-92
elleriour,1.2006443283041717e-92
vanyazzahra,1.2006443283041717e-92
stinkyburgers,1.2006443283041717e-92
cherambiss,1.2006443283041717e-92
studiesrn,1.2006443283041717e-92
rheanjunn,1.2006443283041717e-92
studydies,1.2006443283041717e-92
hotmaanparis,1.2006443283041717e-92
studyeuph,1.2006443283041717e-92
imamazingrn,1.2006443283041717e-92
creamycinz,1.2006443283041717e-92
hajimaaaaaaah,1.2006443283041717e-92
studyfaaaa,1.2006443283041717e-92
ambizwithucup,1.2006443283041717e-92
eleanor_park7,1.2006443283041717e-92
legendaryarrow1,1.2006443283041717e-92
studyima,1.2006443283041717e-92
nisnotes,1.2006443283041717e-92
ekaltfinurazizh,1.2006443283041717e-92
anggitarchive,1.2006443283041717e-92
momonih,1.2006443283041717e-92
yaspip,1.2006443283041717e-92
voievode01,1.2006443283041717e-92
bintanngggaja,1.2006443283041717e-92
xcreddkanaartha,1.2006443283041717e-92
baekieexohyun77,1.2006443283041717e-92
__wulwiddd,1.2006443283041717e-92
wintermiif,1.2006443283041717e-92
mylktae,1.2006443283041717e-92
wiiiskes,1.2006443283041717e-92
ossocleo,1.2006443283041717e-92
vimard_,1.2006443283041717e-92
mondmaadchen_,1.2006443283041717e-92
astheroidss,1.2006443283041717e-92
koebisik,1.2006443283041717e-92
visentiaiko,1.2006443283041717e-92
sahabatbrainly,1.2006443283041717e-92
sanzupaws,1.2006443283041717e-92
biokatalis,1.2006443283041717e-92
wakasacult,1.2006443283041717e-92
artlerto,1.2006443283041717e-92
soumetsuu,1.2006443283041717e-92
violetblueish,1.2006443283041717e-92
arnggives,1.2006443283041717e-92
aishaviadini,1.2006443283041717e-92
wannabegzoox,1.2006443283041717e-92
arkxnk,1.2006443283041717e-92
miniematrix,1.2006443283041717e-92
mmmaaauuulll_,1.2006443283041717e-92
wasserdruck,1.2006443283041717e-92
archiena_,1.2006443283041717e-92
kimdokjaist,1.2006443283041717e-92
aourly,1.2006443283041717e-92
himmelunderde_,1.2006443283041717e-92
zenius14,1.2006443283041717e-92
shoxella,1.2006443283041717e-92
wtfjaktim,1.2006443283041717e-92
wntrrgrdn_,1.2006443283041717e-92
bamtory2,1.2006443283041717e-92
akukarmaloh,1.2006443283041717e-92
hermbione,1.2006443283041717e-92
woncevs,1.2006443283041717e-92
yujsoob,1.2006443283041717e-92
bigwinnkuy,1.2006443283041717e-92
ezclipzieee,1.2006443283041717e-92
wonkecii,1.2006443283041717e-92
blueshintarou,1.2006443283041717e-92
sunnshinw,1.2006443283041717e-92
hangyuf,1.2006443283041717e-92
wooseoj,1.2006443283041717e-92
highekspektasi,1.2006443283041717e-92
blxndthematcha,1.2006443283041717e-92
biskuitimtam,1.2006443283041717e-92
winterpocas,1.2006443283041717e-92
bluveriz,1.2006443283041717e-92
suckspears,1.2006443283041717e-92
fluffykaia,1.2006443283041717e-92
blueyezyz,1.2006443283041717e-92
honeylitdafire,1.2006443283041717e-92
x1xiboba,1.2006443283041717e-92
billie__sky,1.2006443283041717e-92
mabauiaamiin,1.2006443283041717e-92
blacksweetieezz,1.2006443283041717e-92
rnalsr,1.2006443283041717e-92
ynrlj08,1.2006443283041717e-92
xoxo22happiest,1.2006443283041717e-92
icutiejaemin,1.2006443283041717e-92
lecbah,1.2006443283041717e-92
straykdzchan,1.2006443283041717e-92
wheeinnnnn,1.2006443283041717e-92
ssrmao,1.2006443283041717e-92
jollymarkjaem,1.2006443283041717e-92
kinderrry,1.2006443283041717e-92
jlopeu,1.2006443283041717e-92
markiet__t,1.2006443283041717e-92
jjwimim,1.2006443283041717e-92
eazypol,1.2006443283041717e-92
lucynaomii,1.2006443283041717e-92
njunnnana,1.2006443283041717e-92
jiwoonstudy,1.2006443283041717e-92
jjeonsbae_,1.2006443283041717e-92
jinnymine,1.2006443283041717e-92
ndess_5,1.2006443283041717e-92
clobe,1.2006443283041717e-92
meliyetik,1.2006443283041717e-92
melancholycurse,1.2006443283041717e-92
thisbluemarie,1.2006443283041717e-92
jiebutterflies,1.2006443283041717e-92
thingaboutsa,1.2006443283041717e-92
novpdd,1.2006443283041717e-92
nelheeyoung,1.2006443283041717e-92
jessiediary_,1.2006443283041717e-92
sppacg,1.2006443283041717e-92
nyonkrg,1.2006443283041717e-92
jeramimemanggil,1.2006443283041717e-92
iiidih,1.2006443283041717e-92
netaijal,1.2006443283041717e-92
xxshineyz,1.2006443283041717e-92
mejikuhibinniu,1.2006443283041717e-92
markcitygurl,1.2006443283041717e-92
meim99_,1.2006443283041717e-92
ukuuu4,1.2006443283041717e-92
isnturfauit,1.2006443283041717e-92
jqblay,1.2006443283041717e-92
_clairdxlunx,1.2006443283041717e-92
sadboy1410,1.2006443283041717e-92
shijakbuteodaa,1.2006443283041717e-92
babigurlsss,1.2006443283041717e-92
sayaadatugas,1.2006443283041717e-92
nnajaeminiest,1.2006443283041717e-92
wmhendra_,1.2006443283041717e-92
azwastuds,1.2006443283041717e-92
ulinnastudycrnr,1.2006443283041717e-92
nnismal,1.2006443283041717e-92
imnayeonmygirl,1.2006443283041717e-92
ayukawaifu,1.2006443283041717e-92
kontoreuu,1.2006443283041717e-92
nnjaemi,1.2006443283041717e-92
jolovesji,1.2006443283041717e-92
nobeeta_,1.2006443283041717e-92
munfess,1.2006443283041717e-92
awrllll,1.2006443283041717e-92
studybooster1,1.2006443283041717e-92
nochtrnl,1.2006443283041717e-92
awjaybcutie,1.2006443283041717e-92
monobuns,1.2006443283041717e-92
rooooollllll,1.2006443283041717e-92
nore2dx,1.2006443283041717e-92
avarialeh,1.2006443283041717e-92
mikacaackerman,1.2006443283041717e-92
vaniaaaambis,1.2006443283041717e-92
mebeingmeitsme,1.2006443283041717e-92
hijustcallwawa,1.2006443283041717e-92
notyourexxx_,1.2006443283041717e-92
aammmmaarrrr,1.2006443283041717e-92
banaspatidingin,1.2006443283041717e-92
cloudy_vread,1.2006443283041717e-92
__virago__,1.2006443283041717e-92
hikmamen,1.2006443283041717e-92
yoshiluvy,1.2006443283041717e-92
aqillafaya,1.2006443283041717e-92
_nocturnalism,1.2006443283041717e-92
goldenmilestone,1.2006443283041717e-92
zeniusbyme,1.2006443283041717e-92
funami_iidx,1.2006443283041717e-92
_karashaa,1.2006443283041717e-92
knjsbrain,1.2006443283041717e-92
zeniuslelicia,1.2006443283041717e-92
_clarastorm_,1.2006443283041717e-92
aufambis,1.2006443283041717e-92
_am4x_,1.2006443283041717e-92
malecca,1.2006443283041717e-92
namseinugu,1.2006443283041717e-92
zlaraaa27,1.2006443283041717e-92
bagusbiasa6,1.2006443283041717e-92
zeniussupport,1.2006443283041717e-92
vdfhel,1.2006443283041717e-92
zepeted,1.2006443283041717e-92
kasttangel,1.2006443283041717e-92
2022akpol,1.2006443283041717e-92
bilasukabelajar,1.2006443283041717e-92
zeusswet,1.2006443283041717e-92
1999chyunsuk,1.2006443283041717e-92
hjwntbe4,1.2006443283041717e-92
17o74,1.2006443283041717e-92
chzyfrap,1.2006443283041717e-92
thaiteastudy,1.2006443283041717e-92
abcdefglsya,1.2006443283041717e-92
_sellaturcica_,1.2006443283041717e-92
kentangnyaruto_,1.2006443283041717e-92
willbeokay22,1.2006443283041717e-92
aamiinpsikologi,1.2006443283041717e-92
andez_c_f,1.2006443283041717e-92
partaisocmed,1.2006443283041717e-92
yasukseslah,1.2006443283041717e-92
annung1717,1.2006443283041717e-92
yayoungiee,1.2006443283041717e-92
tresno_arto,1.2006443283041717e-92
amourksw,1.2006443283041717e-92
h9o3n,1.2006443283041717e-92
ydelfay,1.2006443283041717e-92
jgukdior,1.2006443283041717e-92
yeaaaaa1234,1.2006443283041717e-92
birthdayboyjjen,1.2006443283041717e-92
yennovianti,1.2006443283041717e-92
doykimm_,1.2006443283041717e-92
yerinnykim,1.2006443283041717e-92
ambizeee,1.2006443283041717e-92
http4le,1.2006443283041717e-92
rjcollect,1.2006443283041717e-92
yodamie,1.2006443283041717e-92
ojodaboniven,1.2006443283041717e-92
yonkyoungk,1.2006443283041717e-92
2304days,1.2006443283041717e-92
ajelyabavissa,1.2006443283041717e-92
yoripioangln_,1.2006443283041717e-92
aj3_n0,1.2006443283041717e-92
errichoco,1.2006443283041717e-92
aishksoodo,1.2006443283041717e-92
ddaekhyunsooxz,1.2006443283041717e-92
yoonjeyi,1.2006443283041717e-92
dontfhanique,1.2006443283041717e-92
aimamamia,1.2006443283041717e-92
taekooksmochie,1.2006443283041717e-92
ugmduadua,1.2006443283041717e-92
bibblefly,1.2006443283041717e-92
shlghtsun,1.2006443283041717e-92
txlmcc,1.2006443283041717e-92
berusahangambis,1.2006443283041717e-92
vithzee,1.2006443283041717e-92
preci0usgirll,1.2006443283041717e-92
txtfromshasa,1.2006443283041717e-92
zweetbangtan,1.2006443283041717e-92
believinmine,1.2006443283041717e-92
itsmekirena,1.2006443283041717e-92
tymochie,1.2006443283041717e-92
tupperwery,1.2006443283041717e-92
typingmybest,1.2006443283041717e-92
esra81787871,1.2006443283041717e-92
begatdang,1.2006443283041717e-92
ibubaubiskuit,1.2006443283041717e-92
zenutella,1.2006443283041717e-92
beetchytrinity,1.2006443283041717e-92
rasberia,1.2006443283041717e-92
undipmenfess,1.2006443283041717e-92
unavailable6661,1.2006443283041717e-92
bealajar,1.2006443283041717e-92
felstudypage,1.2006443283041717e-92
cayendoj,1.2006443283041717e-92
uranyus,1.2006443283041717e-92
bbangmintonn,1.2006443283041717e-92
jihyeongsanim,1.2006443283041717e-92
asyllib,1.2006443283041717e-92
wjyd_22,1.2006443283041717e-92
bangtanlves,1.2006443283041717e-92
jaewkids,1.2006443283041717e-92
baekhyvna,1.2006443283041717e-92
thaliamecca,1.2006443283041717e-92
veildiablo,1.2006443283041717e-92
ailuvmaself_,1.2006443283041717e-92
imcookiess,1.2006443283041717e-92
ahmadhafidzs,1.2006443283041717e-92
dark_sky_walker,1.2006443283041717e-92
scksprsn,1.2006443283041717e-92
zofufo,1.2006443283041717e-92
cutiebunnyieww,1.2006443283041717e-92
ztzvall,1.2006443283041717e-92
agismaulana_,1.2006443283041717e-92
hhhhhaikamu,1.2006443283041717e-92
afnesfisnanda3,1.2006443283041717e-92
fagyumi,1.2006443283041717e-92
brokenstrays,1.2006443283041717e-92
adoremiyas,1.2006443283041717e-92
dainchou,1.2006443283041717e-92
adoracale,1.2006443283041717e-92
cipuyh,1.2006443283041717e-92
xsomanyvoicesx,1.2006443283041717e-92
masukptn2k22,1.2006443283041717e-92
adeoxxtxs,1.2006443283041717e-92
parisuburbs,1.2006443283041717e-92
user80972,1.2006443283041717e-92
adaicaa,1.2006443283041717e-92
berjualanfess,1.2006443283041717e-92
trili_haja21,1.2006443283041717e-92
achmadfajar_p,1.2006443283041717e-92
nuhisiryi,1.2006443283041717e-92
valleznx,1.2006443283041717e-92
iatoxicera,1.2006443283041717e-92
akutehbulan,1.2006443283041717e-92
